X,CH1,CH2,Start,Increment,
Sequence,Volt,Volt,5.974000e-05,2.000000e-09
0,3.44e-01,-8.00e-01,
1,3.44e-01,-1.74e-04,
2,3.36e-01,-1.74e-04,
3,3.52e-01,-1.74e-04,
4,3.44e-01,-1.74e-04,
5,3.44e-01,-1.74e-04,
6,3.36e-01,-1.74e-04,
7,3.52e-01,-1.74e-04,
8,3.44e-01,-1.74e-04,
9,3.44e-01,1.60e+00,
10,3.44e-01,1.60e+00,
11,3.52e-01,1.60e+00,
12,3.44e-01,-1.74e-04,
13,3.44e-01,1.60e+00,
14,3.36e-01,1.60e+00,
15,3.60e-01,1.60e+00,
16,3.44e-01,1.60e+00,
17,3.44e-01,1.60e+00,
18,3.44e-01,1.60e+00,
19,3.52e-01,2.40e+00,
20,3.44e-01,2.40e+00,
21,3.44e-01,2.40e+00,
22,3.44e-01,2.40e+00,
23,3.52e-01,2.40e+00,
24,3.44e-01,2.40e+00,
25,3.44e-01,2.40e+00,
26,3.36e-01,3.20e+00,
27,3.52e-01,3.20e+00,
28,3.44e-01,3.20e+00,
29,3.44e-01,3.20e+00,
30,3.44e-01,3.20e+00,
31,3.52e-01,3.20e+00,
32,3.44e-01,3.20e+00,
33,3.44e-01,4.00e+00,
34,3.36e-01,4.00e+00,
35,3.60e-01,4.00e+00,
36,3.44e-01,4.00e+00,
37,3.44e-01,4.80e+00,
38,3.44e-01,4.00e+00,
39,3.52e-01,4.80e+00,
40,3.44e-01,4.80e+00,
41,3.52e-01,4.80e+00,
42,3.36e-01,5.60e+00,
43,3.60e-01,4.80e+00,
44,3.44e-01,4.80e+00,
45,3.44e-01,5.60e+00,
46,3.44e-01,5.60e+00,
47,3.52e-01,5.60e+00,
48,3.44e-01,5.60e+00,
49,3.44e-01,6.40e+00,
50,3.44e-01,6.40e+00,
51,3.52e-01,6.40e+00,
52,3.44e-01,7.20e+00,
53,3.44e-01,8.00e+00,
54,3.36e-01,8.00e+00,
55,3.52e-01,8.80e+00,
56,3.36e-01,8.80e+00,
57,3.36e-01,9.60e+00,
58,3.36e-01,1.12e+01,
59,3.44e-01,1.20e+01,
60,3.28e-01,1.36e+01,
61,3.28e-01,1.52e+01,
62,3.20e-01,1.68e+01,
63,3.36e-01,1.84e+01,
64,3.12e-01,2.08e+01,
65,3.12e-01,2.32e+01,
66,2.96e-01,2.72e+01,
67,3.04e-01,3.04e+01,
68,2.80e-01,3.36e+01,
69,2.72e-01,3.76e+01,
70,2.56e-01,4.16e+01,
71,2.40e-01,4.56e+01,
72,2.00e-01,5.04e+01,
73,1.36e-01,5.36e+01,
74,5.60e-02,5.76e+01,
75,8.00e-03,6.16e+01,
76,-5.60e-02,6.48e+01,
77,-1.28e-01,6.80e+01,
78,-1.92e-01,7.12e+01,
79,-2.48e-01,7.44e+01,
80,-3.12e-01,7.68e+01,
81,-3.76e-01,7.84e+01,
82,-4.24e-01,8.00e+01,
83,-4.96e-01,8.16e+01,
84,-5.36e-01,8.32e+01,
85,-5.76e-01,8.40e+01,
86,-6.16e-01,8.32e+01,
87,-6.56e-01,8.32e+01,
88,-6.80e-01,8.32e+01,
89,-7.04e-01,8.08e+01,
90,-7.04e-01,7.84e+01,
91,-7.12e-01,7.52e+01,
92,-6.96e-01,6.96e+01,
93,-6.56e-01,6.48e+01,
94,-6.08e-01,5.76e+01,
95,-5.60e-01,5.04e+01,
96,-4.96e-01,4.32e+01,
97,-4.16e-01,3.60e+01,
98,-3.44e-01,3.04e+01,
99,-2.56e-01,2.40e+01,
100,-1.76e-01,2.00e+01,
101,-8.80e-02,1.68e+01,
102,-2.40e-02,1.44e+01,
103,4.80e-02,1.20e+01,
104,1.04e-01,1.04e+01,
105,1.60e-01,9.60e+00,
106,1.92e-01,8.80e+00,
107,2.40e-01,8.80e+00,
108,2.64e-01,8.00e+00,
109,2.88e-01,8.80e+00,
110,2.96e-01,8.80e+00,
111,3.20e-01,9.60e+00,
112,3.20e-01,9.60e+00,
113,3.28e-01,1.12e+01,
114,3.12e-01,1.36e+01,
115,3.20e-01,1.60e+01,
116,2.96e-01,1.84e+01,
117,2.80e-01,2.16e+01,
118,2.40e-01,2.56e+01,
119,2.08e-01,3.04e+01,
120,1.52e-01,3.52e+01,
121,9.60e-02,4.08e+01,
122,2.40e-02,4.64e+01,
123,-3.20e-02,5.28e+01,
124,-1.12e-01,5.76e+01,
125,-1.92e-01,6.24e+01,
126,-2.56e-01,6.48e+01,
127,-3.28e-01,6.64e+01,
128,-3.84e-01,6.72e+01,
129,-4.24e-01,6.56e+01,
130,-4.48e-01,6.32e+01,
131,-4.72e-01,5.92e+01,
132,-4.64e-01,5.52e+01,
133,-4.48e-01,4.96e+01,
134,-4.08e-01,4.40e+01,
135,-3.68e-01,3.92e+01,
136,-3.12e-01,3.28e+01,
137,-2.48e-01,2.88e+01,
138,-1.84e-01,2.40e+01,
139,-1.12e-01,2.08e+01,
140,-5.60e-02,1.84e+01,
141,0.00e+00,1.60e+01,
142,4.80e-02,1.44e+01,
143,1.12e-01,1.36e+01,
144,1.44e-01,1.12e+01,
145,1.84e-01,1.12e+01,
146,2.08e-01,1.12e+01,
147,2.40e-01,1.04e+01,
148,2.56e-01,1.12e+01,
149,2.72e-01,1.20e+01,
150,2.72e-01,1.36e+01,
151,2.88e-01,1.44e+01,
152,2.80e-01,1.52e+01,
153,2.72e-01,1.76e+01,
154,2.56e-01,2.00e+01,
155,2.40e-01,2.24e+01,
156,2.08e-01,2.64e+01,
157,1.76e-01,2.96e+01,
158,1.36e-01,3.36e+01,
159,1.04e-01,3.84e+01,
160,3.20e-02,4.32e+01,
161,-2.40e-02,4.72e+01,
162,-8.00e-02,5.12e+01,
163,-1.44e-01,5.52e+01,
164,-2.00e-01,5.76e+01,
165,-2.48e-01,5.92e+01,
166,-2.96e-01,5.92e+01,
167,-3.36e-01,5.84e+01,
168,-3.60e-01,5.76e+01,
169,-3.76e-01,5.44e+01,
170,-3.76e-01,5.20e+01,
171,-3.68e-01,4.72e+01,
172,-3.44e-01,4.32e+01,
173,-3.12e-01,3.92e+01,
174,-2.64e-01,3.44e+01,
175,-2.16e-01,3.04e+01,
176,-1.68e-01,2.72e+01,
177,-1.12e-01,2.32e+01,
178,-6.40e-02,2.08e+01,
179,-8.00e-03,1.92e+01,
180,3.20e-02,1.76e+01,
181,8.00e-02,1.60e+01,
182,1.12e-01,1.52e+01,
183,1.52e-01,1.44e+01,
184,1.68e-01,1.44e+01,
185,1.92e-01,1.44e+01,
186,2.08e-01,1.44e+01,
187,2.32e-01,1.52e+01,
188,2.24e-01,1.60e+01,
189,2.32e-01,1.68e+01,
190,2.24e-01,1.84e+01,
191,2.32e-01,2.00e+01,
192,2.08e-01,2.16e+01,
193,1.92e-01,2.40e+01,
194,1.68e-01,2.72e+01,
195,1.52e-01,3.04e+01,
196,1.12e-01,3.36e+01,
197,7.20e-02,3.76e+01,
198,1.60e-02,4.16e+01,
199,-1.60e-02,4.48e+01,
200,-7.20e-02,4.72e+01,
201,-1.28e-01,5.04e+01,
202,-1.68e-01,5.28e+01,
203,-2.08e-01,5.36e+01,
204,-2.48e-01,5.36e+01,
205,-2.72e-01,5.36e+01,
206,-2.88e-01,5.20e+01,
207,-2.96e-01,5.04e+01,
208,-3.12e-01,4.72e+01,
209,-2.88e-01,4.40e+01,
210,-2.72e-01,4.08e+01,
211,-2.48e-01,3.76e+01,
212,-2.16e-01,3.36e+01,
213,-1.84e-01,3.12e+01,
214,-1.44e-01,2.80e+01,
215,-8.80e-02,2.56e+01,
216,-5.60e-02,2.24e+01,
217,-1.60e-02,2.08e+01,
218,1.60e-02,1.92e+01,
219,7.20e-02,1.84e+01,
220,9.60e-02,1.76e+01,
221,1.20e-01,1.68e+01,
222,1.36e-01,1.68e+01,
223,1.68e-01,1.68e+01,
224,1.76e-01,1.68e+01,
225,1.84e-01,1.76e+01,
226,1.84e-01,1.84e+01,
227,2.00e-01,1.92e+01,
228,1.84e-01,2.00e+01,
229,1.84e-01,2.24e+01,
230,1.68e-01,2.40e+01,
231,1.60e-01,2.64e+01,
232,1.36e-01,2.88e+01,
233,1.12e-01,3.12e+01,
234,7.20e-02,3.44e+01,
235,4.00e-02,3.76e+01,
236,0.00e+00,4.08e+01,
237,-4.00e-02,4.24e+01,
238,-7.20e-02,4.48e+01,
239,-1.04e-01,4.64e+01,
240,-1.52e-01,4.80e+01,
241,-1.84e-01,4.96e+01,
242,-2.08e-01,4.96e+01,
243,-2.32e-01,4.80e+01,
244,-2.40e-01,4.72e+01,
245,-2.48e-01,4.56e+01,
246,-2.48e-01,4.40e+01,
247,-2.40e-01,4.16e+01,
248,-2.24e-01,3.92e+01,
249,-2.00e-01,3.52e+01,
250,-1.76e-01,3.28e+01,
251,-1.44e-01,3.04e+01,
252,-1.04e-01,2.80e+01,
253,-7.20e-02,2.64e+01,
254,-4.00e-02,2.40e+01,
255,0.00e+00,2.24e+01,
256,2.40e-02,2.08e+01,
257,4.80e-02,2.00e+01,
258,8.00e-02,1.92e+01,
259,1.12e-01,1.92e+01,
260,1.20e-01,1.84e+01,
261,1.36e-01,1.92e+01,
262,1.44e-01,1.92e+01,
263,1.60e-01,2.00e+01,
264,1.60e-01,2.08e+01,
265,1.60e-01,2.16e+01,
266,1.52e-01,2.24e+01,
267,1.52e-01,2.40e+01,
268,1.36e-01,2.64e+01,
269,1.20e-01,2.88e+01,
270,9.60e-02,3.04e+01,
271,8.00e-02,3.28e+01,
272,4.00e-02,3.44e+01,
273,1.60e-02,3.76e+01,
274,-1.60e-02,4.00e+01,
275,-4.00e-02,4.16e+01,
276,-7.20e-02,4.32e+01,
277,-1.04e-01,4.40e+01,
278,-1.36e-01,4.48e+01,
279,-1.52e-01,4.56e+01,
280,-1.76e-01,4.56e+01,
281,-1.92e-01,4.48e+01,
282,-2.00e-01,4.40e+01,
283,-2.00e-01,4.24e+01,
284,-2.00e-01,4.08e+01,
285,-1.92e-01,3.84e+01,
286,-1.76e-01,3.60e+01,
287,-1.52e-01,3.44e+01,
288,-1.36e-01,3.20e+01,
289,-1.04e-01,3.04e+01,
290,-8.00e-02,2.80e+01,
291,-4.80e-02,2.64e+01,
292,-2.40e-02,2.40e+01,
293,0.00e+00,2.32e+01,
294,2.40e-02,2.24e+01,
295,5.60e-02,2.16e+01,
296,7.20e-02,2.08e+01,
297,9.60e-02,2.08e+01,
298,1.04e-01,2.08e+01,
299,1.28e-01,2.08e+01,
300,1.20e-01,2.16e+01,
301,1.28e-01,2.16e+01,
302,1.28e-01,2.24e+01,
303,1.36e-01,2.32e+01,
304,1.20e-01,2.56e+01,
305,1.20e-01,2.72e+01,
306,1.04e-01,2.88e+01,
307,9.60e-02,2.96e+01,
308,7.20e-02,3.20e+01,
309,4.80e-02,3.36e+01,
310,1.60e-02,3.52e+01,
311,0.00e+00,3.76e+01,
312,-2.40e-02,3.92e+01,
313,-4.80e-02,4.00e+01,
314,-7.20e-02,4.16e+01,
315,-9.60e-02,4.24e+01,
316,-1.28e-01,4.24e+01,
317,-1.44e-01,4.24e+01,
318,-1.52e-01,4.24e+01,
319,-1.60e-01,4.16e+01,
320,-1.68e-01,4.08e+01,
321,-1.68e-01,4.00e+01,
322,-1.60e-01,3.84e+01,
323,-1.52e-01,3.60e+01,
324,-1.44e-01,3.44e+01,
325,-1.12e-01,3.28e+01,
326,-9.60e-02,3.12e+01,
327,-7.20e-02,2.96e+01,
328,-5.60e-02,2.80e+01,
329,-3.20e-02,2.72e+01,
330,-1.60e-02,2.56e+01,
331,1.60e-02,2.40e+01,
332,2.40e-02,2.32e+01,
333,4.80e-02,2.32e+01,
334,5.60e-02,2.24e+01,
335,8.80e-02,2.24e+01,
336,8.80e-02,2.24e+01,
337,9.60e-02,2.24e+01,
338,1.04e-01,2.32e+01,
339,1.12e-01,2.40e+01,
340,1.04e-01,2.40e+01,
341,1.04e-01,2.64e+01,
342,9.60e-02,2.72e+01,
343,9.60e-02,2.80e+01,
344,7.20e-02,2.96e+01,
345,5.60e-02,3.12e+01,
346,4.00e-02,3.28e+01,
347,2.40e-02,3.36e+01,
348,0.00e+00,3.52e+01,
349,-1.60e-02,3.76e+01,
350,-4.00e-02,3.84e+01,
351,-4.80e-02,3.92e+01,
352,-7.20e-02,4.00e+01,
353,-8.80e-02,4.08e+01,
354,-1.04e-01,4.08e+01,
355,-1.12e-01,4.08e+01,
356,-1.36e-01,4.00e+01,
357,-1.36e-01,3.92e+01,
358,-1.36e-01,3.84e+01,
359,-1.36e-01,3.76e+01,
360,-1.28e-01,3.60e+01,
361,-1.12e-01,3.44e+01,
362,-1.04e-01,3.36e+01,
363,-8.80e-02,3.20e+01,
364,-7.20e-02,3.04e+01,
365,-5.60e-02,2.96e+01,
366,-4.00e-02,2.80e+01,
367,-1.60e-02,2.72e+01,
368,-8.00e-03,2.64e+01,
369,8.00e-03,2.56e+01,
370,2.40e-02,2.56e+01,
371,4.80e-02,2.40e+01,
372,4.80e-02,2.40e+01,
373,7.20e-02,2.40e+01,
374,7.20e-02,2.40e+01,
375,8.80e-02,2.40e+01,
376,8.80e-02,2.56e+01,
377,8.80e-02,2.56e+01,
378,8.00e-02,2.64e+01,
379,8.80e-02,2.80e+01,
380,7.20e-02,2.88e+01,
381,5.60e-02,2.96e+01,
382,4.00e-02,3.04e+01,
383,4.00e-02,3.20e+01,
384,1.60e-02,3.28e+01,
385,8.00e-03,3.44e+01,
386,-8.00e-03,3.52e+01,
387,-2.40e-02,3.60e+01,
388,-4.00e-02,3.76e+01,
389,-5.60e-02,3.84e+01,
390,-7.20e-02,3.84e+01,
391,-8.00e-02,3.92e+01,
392,-9.60e-02,3.92e+01,
393,-9.60e-02,3.84e+01,
394,-1.04e-01,3.84e+01,
395,-1.04e-01,3.76e+01,
396,-1.12e-01,3.60e+01,
397,-1.04e-01,3.52e+01,
398,-9.60e-02,3.44e+01,
399,-8.80e-02,3.36e+01,
400,-8.00e-02,3.20e+01,
401,-6.40e-02,3.12e+01,
402,-5.60e-02,3.04e+01,
403,-3.20e-02,2.88e+01,
404,-2.40e-02,2.80e+01,
405,-8.00e-03,2.72e+01,
406,0.00e+00,2.72e+01,
407,1.60e-02,2.64e+01,
408,2.40e-02,2.64e+01,
409,4.00e-02,2.56e+01,
410,4.80e-02,2.56e+01,
411,5.60e-02,2.56e+01,
412,5.60e-02,2.56e+01,
413,7.20e-02,2.64e+01,
414,5.60e-02,2.72e+01,
415,8.00e-02,2.72e+01,
416,5.60e-02,2.80e+01,
417,5.60e-02,2.88e+01,
418,4.80e-02,2.96e+01,
419,4.00e-02,3.04e+01,
420,3.20e-02,3.12e+01,
421,1.60e-02,3.20e+01,
422,8.00e-03,3.36e+01,
423,0.00e+00,3.44e+01,
424,-1.60e-02,3.52e+01,
425,-3.20e-02,3.52e+01,
426,-4.80e-02,3.60e+01,
427,-5.60e-02,3.76e+01,
428,-6.40e-02,3.76e+01,
429,-7.20e-02,3.76e+01,
430,-8.00e-02,3.76e+01,
431,-8.00e-02,3.76e+01,
432,-8.80e-02,3.60e+01,
433,-8.80e-02,3.52e+01,
434,-8.80e-02,3.52e+01,
435,-8.00e-02,3.44e+01,
436,-8.00e-02,3.28e+01,
437,-7.20e-02,3.20e+01,
438,-5.60e-02,3.12e+01,
439,-4.80e-02,3.04e+01,
440,-4.00e-02,2.96e+01,
441,-2.40e-02,2.88e+01,
442,-1.60e-02,2.88e+01,
443,0.00e+00,2.80e+01,
444,8.00e-03,2.72e+01,
445,1.60e-02,2.72e+01,
446,2.40e-02,2.72e+01,
447,4.00e-02,2.72e+01,
448,4.00e-02,2.64e+01,
449,4.80e-02,2.72e+01,
450,4.80e-02,2.72e+01,
451,5.60e-02,2.72e+01,
452,4.80e-02,2.80e+01,
453,4.80e-02,2.88e+01,
454,4.00e-02,2.88e+01,
455,4.80e-02,2.96e+01,
456,3.20e-02,3.04e+01,
457,2.40e-02,3.12e+01,
458,1.60e-02,3.20e+01,
459,1.60e-02,3.28e+01,
460,-8.00e-03,3.36e+01,
461,-1.60e-02,3.36e+01,
462,-2.40e-02,3.44e+01,
463,-3.20e-02,3.52e+01,
464,-4.00e-02,3.52e+01,
465,-4.80e-02,3.52e+01,
466,-5.60e-02,3.60e+01,
467,-5.60e-02,3.60e+01,
468,-7.20e-02,3.52e+01,
469,-7.20e-02,3.52e+01,
470,-7.20e-02,3.44e+01,
471,-7.20e-02,3.44e+01,
472,-7.20e-02,3.36e+01,
473,-6.40e-02,3.28e+01,
474,-6.40e-02,3.28e+01,
475,-4.80e-02,3.20e+01,
476,-4.80e-02,3.12e+01,
477,-3.20e-02,3.04e+01,
478,-3.20e-02,2.96e+01,
479,-1.60e-02,2.88e+01,
480,-8.00e-03,2.88e+01,
481,0.00e+00,2.80e+01,
482,8.00e-03,2.80e+01,
483,2.40e-02,2.80e+01,
484,2.40e-02,2.72e+01,
485,3.20e-02,2.72e+01,
486,3.20e-02,2.80e+01,
487,4.00e-02,2.80e+01,
488,4.00e-02,2.80e+01,
489,4.00e-02,2.80e+01,
490,3.20e-02,2.88e+01,
491,4.00e-02,2.96e+01,
492,3.20e-02,2.96e+01,
493,3.20e-02,3.04e+01,
494,1.60e-02,3.12e+01,
495,1.60e-02,3.12e+01,
496,8.00e-03,3.20e+01,
497,0.00e+00,3.28e+01,
498,-8.00e-03,3.36e+01,
499,-1.60e-02,3.36e+01,
500,-2.40e-02,3.44e+01,
501,-4.00e-02,3.44e+01,
502,-4.80e-02,3.44e+01,
503,-4.80e-02,3.52e+01,
504,-5.60e-02,3.52e+01,
505,-5.60e-02,3.44e+01,
506,-6.40e-02,3.44e+01,
507,-5.60e-02,3.44e+01,
508,-6.40e-02,3.36e+01,
509,-6.40e-02,3.36e+01,
510,-6.40e-02,3.28e+01,
511,-4.80e-02,3.28e+01,
512,-4.80e-02,3.20e+01,
513,-4.00e-02,3.12e+01,
514,-4.00e-02,3.04e+01,
515,-2.40e-02,3.04e+01,
516,-2.40e-02,2.96e+01,
517,-1.60e-02,2.96e+01,
518,-8.00e-03,2.88e+01,
519,8.00e-03,2.88e+01,
520,8.00e-03,2.88e+01,
521,1.60e-02,2.80e+01,
522,1.60e-02,2.80e+01,
523,3.20e-02,2.80e+01,
524,2.40e-02,2.80e+01,
525,3.20e-02,2.88e+01,
526,2.40e-02,2.88e+01,
527,3.20e-02,2.88e+01,
528,2.40e-02,2.96e+01,
529,2.40e-02,2.96e+01,
530,1.60e-02,3.04e+01,
531,2.40e-02,3.12e+01,
532,8.00e-03,3.12e+01,
533,0.00e+00,3.20e+01,
534,-8.00e-03,3.20e+01,
535,-8.00e-03,3.28e+01,
536,-1.60e-02,3.28e+01,
537,-2.40e-02,3.36e+01,
538,-3.20e-02,3.36e+01,
539,-3.20e-02,3.44e+01,
540,-4.00e-02,3.44e+01,
541,-4.00e-02,3.44e+01,
542,-4.80e-02,3.44e+01,
543,-4.80e-02,3.44e+01,
544,-5.60e-02,3.36e+01,
545,-4.80e-02,3.36e+01,
546,-5.60e-02,3.28e+01,
547,-4.80e-02,3.28e+01,
548,-4.80e-02,3.20e+01,
549,-4.00e-02,3.20e+01,
550,-4.00e-02,3.12e+01,
551,-2.40e-02,3.12e+01,
552,-2.40e-02,3.04e+01,
553,-2.40e-02,3.04e+01,
554,-1.60e-02,2.96e+01,
555,0.00e+00,2.96e+01,
556,0.00e+00,2.88e+01,
557,8.00e-03,2.88e+01,
558,8.00e-03,2.88e+01,
559,1.60e-02,2.88e+01,
560,1.60e-02,2.88e+01,
561,1.60e-02,2.88e+01,
562,2.40e-02,2.88e+01,
563,2.40e-02,2.88e+01,
564,2.40e-02,2.96e+01,
565,2.40e-02,2.96e+01,
566,1.60e-02,3.04e+01,
567,2.40e-02,3.04e+01,
568,1.60e-02,3.04e+01,
569,8.00e-03,3.12e+01,
570,0.00e+00,3.20e+01,
571,8.00e-03,3.20e+01,
572,-8.00e-03,3.20e+01,
573,-8.00e-03,3.28e+01,
574,-1.60e-02,3.28e+01,
575,-1.60e-02,3.36e+01,
576,-3.20e-02,3.36e+01,
577,-3.20e-02,3.36e+01,
578,-4.00e-02,3.36e+01,
579,-4.00e-02,3.36e+01,
580,-4.80e-02,3.36e+01,
581,-4.00e-02,3.36e+01,
582,-4.80e-02,3.28e+01,
583,-4.00e-02,3.28e+01,
584,-4.00e-02,3.28e+01,
585,-4.00e-02,3.20e+01,
586,-4.00e-02,3.20e+01,
587,-3.20e-02,3.12e+01,
588,-3.20e-02,3.12e+01,
589,-2.40e-02,3.12e+01,
590,-2.40e-02,3.04e+01,
591,-8.00e-03,3.04e+01,
592,-8.00e-03,2.96e+01,
593,-8.00e-03,2.96e+01,
594,0.00e+00,2.96e+01,
595,8.00e-03,2.96e+01,
596,8.00e-03,2.96e+01,
597,8.00e-03,2.96e+01,
598,1.60e-02,2.96e+01,
599,1.60e-02,2.96e+01,
600,1.60e-02,2.96e+01,
601,1.60e-02,2.96e+01,
602,1.60e-02,2.96e+01,
603,1.60e-02,3.04e+01,
604,8.00e-03,3.04e+01,
605,8.00e-03,3.04e+01,
606,8.00e-03,3.12e+01,
607,8.00e-03,3.12e+01,
608,0.00e+00,3.20e+01,
609,-8.00e-03,3.20e+01,
610,-8.00e-03,3.28e+01,
611,-8.00e-03,3.28e+01,
612,-2.40e-02,3.28e+01,
613,-2.40e-02,3.28e+01,
614,-2.40e-02,3.28e+01,
615,-2.40e-02,3.28e+01,
616,-3.20e-02,3.28e+01,
617,-3.20e-02,3.28e+01,
618,-4.00e-02,3.28e+01,
619,-3.20e-02,3.28e+01,
620,-4.00e-02,3.28e+01,
621,-4.00e-02,3.28e+01,
622,-3.20e-02,3.20e+01,
623,-3.20e-02,3.20e+01,
624,-3.20e-02,3.20e+01,
625,-2.40e-02,3.12e+01,
626,-2.40e-02,3.12e+01,
627,-1.60e-02,3.04e+01,
628,-1.60e-02,3.04e+01,
629,-8.00e-03,3.04e+01,
630,-8.00e-03,3.04e+01,
631,0.00e+00,2.96e+01,
632,0.00e+00,2.96e+01,
633,0.00e+00,2.96e+01,
634,0.00e+00,2.96e+01,
635,1.60e-02,2.96e+01,
636,8.00e-03,2.96e+01,
637,8.00e-03,2.96e+01,
638,8.00e-03,2.96e+01,
639,1.60e-02,3.04e+01,
640,8.00e-03,3.04e+01,
641,8.00e-03,3.04e+01,
642,8.00e-03,3.12e+01,
643,8.00e-03,3.12e+01,
644,0.00e+00,3.12e+01,
645,0.00e+00,3.20e+01,
646,-8.00e-03,3.20e+01,
647,-8.00e-03,3.20e+01,
648,-1.60e-02,3.20e+01,
649,-1.60e-02,3.28e+01,
650,-2.40e-02,3.28e+01,
651,-1.60e-02,3.28e+01,
652,-2.40e-02,3.28e+01,
653,-3.20e-02,3.28e+01,
654,-3.20e-02,3.28e+01,
655,-2.40e-02,3.28e+01,
656,-3.20e-02,3.28e+01,
657,-3.20e-02,3.28e+01,
658,-3.20e-02,3.20e+01,
659,-3.20e-02,3.20e+01,
660,-3.20e-02,3.20e+01,
661,-2.40e-02,3.20e+01,
662,-2.40e-02,3.12e+01,
663,-1.60e-02,3.12e+01,
664,-1.60e-02,3.12e+01,
665,-1.60e-02,3.04e+01,
666,-1.60e-02,3.04e+01,
667,-8.00e-03,3.04e+01,
668,-8.00e-03,3.04e+01,
669,0.00e+00,3.04e+01,
670,0.00e+00,3.04e+01,
671,8.00e-03,2.96e+01,
672,0.00e+00,2.96e+01,
673,8.00e-03,2.96e+01,
674,8.00e-03,3.04e+01,
675,8.00e-03,3.04e+01,
676,8.00e-03,3.04e+01,
677,8.00e-03,3.04e+01,
678,8.00e-03,3.04e+01,
679,8.00e-03,3.12e+01,
680,0.00e+00,3.12e+01,
681,0.00e+00,3.12e+01,
682,-8.00e-03,3.12e+01,
683,0.00e+00,3.20e+01,
684,-8.00e-03,3.20e+01,
685,-8.00e-03,3.20e+01,
686,-1.60e-02,3.20e+01,
687,-1.60e-02,3.20e+01,
688,-2.40e-02,3.28e+01,
689,-2.40e-02,3.28e+01,
690,-2.40e-02,3.28e+01,
691,-2.40e-02,3.28e+01,
692,-3.20e-02,3.28e+01,
693,-2.40e-02,3.28e+01,
694,-3.20e-02,3.20e+01,
695,-2.40e-02,3.20e+01,
696,-2.40e-02,3.20e+01,
697,-2.40e-02,3.20e+01,
698,-2.40e-02,3.20e+01,
699,-1.60e-02,3.12e+01,
700,-2.40e-02,3.12e+01,
701,-1.60e-02,3.12e+01,
702,-1.60e-02,3.12e+01,
703,-8.00e-03,3.04e+01,
704,-8.00e-03,3.04e+01,
705,-8.00e-03,3.04e+01,
706,-8.00e-03,3.04e+01,
707,0.00e+00,3.04e+01,
708,0.00e+00,3.04e+01,
709,0.00e+00,3.04e+01,
710,0.00e+00,3.04e+01,
711,8.00e-03,3.04e+01,
712,0.00e+00,3.04e+01,
713,8.00e-03,3.04e+01,
714,0.00e+00,3.04e+01,
715,8.00e-03,3.04e+01,
716,0.00e+00,3.12e+01,
717,0.00e+00,3.12e+01,
718,-8.00e-03,3.12e+01,
719,0.00e+00,3.12e+01,
720,-8.00e-03,3.12e+01,
721,-8.00e-03,3.20e+01,
722,-1.60e-02,3.20e+01,
723,-8.00e-03,3.20e+01,
724,-1.60e-02,3.20e+01,
725,-1.60e-02,3.20e+01,
726,-2.40e-02,3.20e+01,
727,-1.60e-02,3.20e+01,
728,-2.40e-02,3.20e+01,
729,-2.40e-02,3.20e+01,
730,-2.40e-02,3.20e+01,
731,-2.40e-02,3.20e+01,
732,-2.40e-02,3.20e+01,
733,-2.40e-02,3.20e+01,
734,-2.40e-02,3.20e+01,
735,-1.60e-02,3.20e+01,
736,-2.40e-02,3.12e+01,
737,-1.60e-02,3.12e+01,
738,-1.60e-02,3.12e+01,
739,-1.60e-02,3.12e+01,
740,-1.60e-02,3.12e+01,
741,-8.00e-03,3.04e+01,
742,-8.00e-03,3.04e+01,
743,0.00e+00,3.04e+01,
744,-8.00e-03,3.04e+01,
745,0.00e+00,3.04e+01,
746,0.00e+00,3.04e+01,
747,8.00e-03,3.04e+01,
748,0.00e+00,3.04e+01,
749,0.00e+00,3.04e+01,
750,0.00e+00,3.04e+01,
751,8.00e-03,3.04e+01,
752,0.00e+00,3.12e+01,
753,0.00e+00,3.12e+01,
754,0.00e+00,3.12e+01,
755,0.00e+00,3.12e+01,
756,-8.00e-03,3.12e+01,
757,-8.00e-03,3.12e+01,
758,-8.00e-03,3.20e+01,
759,-8.00e-03,3.20e+01,
760,-8.00e-03,3.20e+01,
761,-1.60e-02,3.20e+01,
762,-1.60e-02,3.20e+01,
763,-1.60e-02,3.20e+01,
764,-1.60e-02,3.20e+01,
765,-1.60e-02,3.20e+01,
766,-2.40e-02,3.20e+01,
767,-1.60e-02,3.20e+01,
768,-2.40e-02,3.20e+01,
769,-2.40e-02,3.20e+01,
770,-2.40e-02,3.20e+01,
771,-1.60e-02,3.20e+01,
772,-2.40e-02,3.12e+01,
773,-1.60e-02,3.12e+01,
774,-2.40e-02,3.12e+01,
775,-1.60e-02,3.12e+01,
776,-1.60e-02,3.12e+01,
777,-1.60e-02,3.12e+01,
778,-1.60e-02,3.12e+01,
779,-8.00e-03,3.12e+01,
780,-8.00e-03,3.04e+01,
781,-8.00e-03,3.04e+01,
782,-8.00e-03,3.04e+01,
783,0.00e+00,3.04e+01,
784,0.00e+00,3.04e+01,
785,0.00e+00,3.04e+01,
786,0.00e+00,3.04e+01,
787,0.00e+00,3.04e+01,
788,0.00e+00,3.04e+01,
789,0.00e+00,3.12e+01,
790,0.00e+00,3.12e+01,
791,0.00e+00,3.12e+01,
792,0.00e+00,3.12e+01,
793,0.00e+00,3.12e+01,
794,-8.00e-03,3.12e+01,
795,0.00e+00,3.12e+01,
796,-1.60e-02,3.12e+01,
797,-8.00e-03,3.20e+01,
798,-1.60e-02,3.20e+01,
799,-8.00e-03,3.20e+01,
800,-1.60e-02,3.20e+01,
801,-1.60e-02,3.20e+01,
802,-1.60e-02,3.20e+01,
803,-1.60e-02,3.20e+01,
804,-1.60e-02,3.20e+01,
805,-1.60e-02,3.20e+01,
806,-2.40e-02,3.20e+01,
807,-1.60e-02,3.20e+01,
808,-1.60e-02,3.20e+01,
809,-1.60e-02,3.20e+01,
810,-1.60e-02,3.20e+01,
811,-1.60e-02,3.12e+01,
812,-1.60e-02,3.12e+01,
813,-1.60e-02,3.12e+01,
814,-1.60e-02,3.12e+01,
815,-8.00e-03,3.12e+01,
816,-8.00e-03,3.12e+01,
817,-8.00e-03,3.12e+01,
818,-8.00e-03,3.12e+01,
819,0.00e+00,3.12e+01,
820,-8.00e-03,3.04e+01,
821,0.00e+00,3.04e+01,
822,-8.00e-03,3.12e+01,
823,0.00e+00,3.04e+01,
824,0.00e+00,3.04e+01,
825,0.00e+00,3.12e+01,
826,-8.00e-03,3.12e+01,
827,0.00e+00,3.12e+01,
828,0.00e+00,3.12e+01,
829,-8.00e-03,3.12e+01,
830,-8.00e-03,3.12e+01,
831,0.00e+00,3.12e+01,
832,-8.00e-03,3.12e+01,
833,-8.00e-03,3.12e+01,
834,-8.00e-03,3.20e+01,
835,-8.00e-03,3.20e+01,
836,-1.60e-02,3.20e+01,
837,-1.60e-02,3.20e+01,
838,-1.60e-02,3.20e+01,
839,-1.60e-02,3.20e+01,
840,-1.60e-02,3.20e+01,
841,-1.60e-02,3.20e+01,
842,-1.60e-02,3.20e+01,
843,-1.60e-02,3.20e+01,
844,-1.60e-02,3.20e+01,
845,-1.60e-02,3.20e+01,
846,-1.60e-02,3.20e+01,
847,-1.60e-02,3.12e+01,
848,-1.60e-02,3.12e+01,
849,-1.60e-02,3.12e+01,
850,-1.60e-02,3.12e+01,
851,-8.00e-03,3.12e+01,
852,-1.60e-02,3.12e+01,
853,-8.00e-03,3.12e+01,
854,-1.60e-02,3.12e+01,
855,0.00e+00,3.12e+01,
856,-8.00e-03,3.12e+01,
857,-8.00e-03,3.12e+01,
858,-8.00e-03,3.12e+01,
859,0.00e+00,3.12e+01,
860,-8.00e-03,3.04e+01,
861,0.00e+00,3.12e+01,
862,-8.00e-03,3.12e+01,
863,0.00e+00,3.12e+01,
864,0.00e+00,3.12e+01,
865,0.00e+00,3.12e+01,
866,-8.00e-03,3.12e+01,
867,0.00e+00,3.12e+01,
868,-8.00e-03,3.12e+01,
869,-8.00e-03,3.12e+01,
870,-8.00e-03,3.12e+01,
871,-8.00e-03,3.20e+01,
872,-1.60e-02,3.12e+01,
873,-8.00e-03,3.20e+01,
874,-1.60e-02,3.20e+01,
875,-8.00e-03,3.20e+01,
876,-1.60e-02,3.20e+01,
877,-1.60e-02,3.20e+01,
878,-1.60e-02,3.20e+01,
879,-1.60e-02,3.20e+01,
880,-1.60e-02,3.20e+01,
881,-1.60e-02,3.20e+01,
882,-1.60e-02,3.20e+01,
883,-1.60e-02,3.12e+01,
884,-1.60e-02,3.12e+01,
885,-1.60e-02,3.12e+01,
886,-1.60e-02,3.12e+01,
887,-8.00e-03,3.12e+01,
888,-8.00e-03,3.12e+01,
889,-8.00e-03,3.12e+01,
890,-8.00e-03,3.12e+01,
891,-8.00e-03,3.12e+01,
892,-8.00e-03,3.12e+01,
893,-8.00e-03,3.12e+01,
894,-8.00e-03,3.12e+01,
895,0.00e+00,3.12e+01,
896,-8.00e-03,3.12e+01,
897,-8.00e-03,3.12e+01,
898,-8.00e-03,3.12e+01,
899,0.00e+00,3.12e+01,
900,-8.00e-03,3.12e+01,
901,-8.00e-03,3.12e+01,
902,-8.00e-03,3.12e+01,
903,0.00e+00,3.12e+01,
904,-8.00e-03,3.12e+01,
905,-8.00e-03,3.12e+01,
906,-8.00e-03,3.12e+01,
907,-8.00e-03,3.12e+01,
908,-8.00e-03,3.12e+01,
909,-8.00e-03,3.12e+01,
910,-1.60e-02,3.20e+01,
911,-8.00e-03,3.20e+01,
912,-8.00e-03,3.12e+01,
913,-1.60e-02,3.20e+01,
914,-1.60e-02,3.20e+01,
915,-8.00e-03,3.20e+01,
916,-1.60e-02,3.12e+01,
917,-1.60e-02,3.20e+01,
918,-1.60e-02,3.20e+01,
919,-8.00e-03,3.12e+01,
920,-1.60e-02,3.12e+01,
921,-1.60e-02,3.12e+01,
922,-1.60e-02,3.12e+01,
923,-8.00e-03,3.12e+01,
924,-1.60e-02,3.12e+01,
925,-8.00e-03,3.12e+01,
926,-1.60e-02,3.12e+01,
927,-8.00e-03,3.12e+01,
928,-8.00e-03,3.12e+01,
929,-8.00e-03,3.12e+01,
930,-8.00e-03,3.12e+01,
931,-8.00e-03,3.12e+01,
932,-8.00e-03,3.12e+01,
933,-8.00e-03,3.12e+01,
934,-8.00e-03,3.12e+01,
935,0.00e+00,3.12e+01,
936,-8.00e-03,3.12e+01,
937,-8.00e-03,3.12e+01,
938,-8.00e-03,3.12e+01,
939,0.00e+00,3.12e+01,
940,-8.00e-03,3.12e+01,
941,-8.00e-03,3.12e+01,
942,-8.00e-03,3.12e+01,
943,0.00e+00,3.12e+01,
944,-8.00e-03,3.12e+01,
945,-8.00e-03,3.12e+01,
946,-8.00e-03,3.12e+01,
947,-8.00e-03,3.12e+01,
948,-8.00e-03,3.12e+01,
949,-8.00e-03,3.12e+01,
950,-1.60e-02,3.12e+01,
951,-8.00e-03,3.20e+01,
952,-1.60e-02,3.12e+01,
953,-1.60e-02,3.20e+01,
954,-1.60e-02,3.20e+01,
955,-8.00e-03,3.12e+01,
956,-1.60e-02,3.12e+01,
957,-1.60e-02,3.12e+01,
958,-1.60e-02,3.12e+01,
959,-8.00e-03,3.12e+01,
960,-1.60e-02,3.12e+01,
961,-8.00e-03,3.12e+01,
962,-1.60e-02,3.12e+01,
963,-8.00e-03,3.12e+01,
964,-1.60e-02,3.12e+01,
965,-8.00e-03,3.12e+01,
966,-1.60e-02,3.12e+01,
967,-8.00e-03,3.12e+01,
968,-8.00e-03,3.12e+01,
969,-8.00e-03,3.12e+01,
970,-8.00e-03,3.12e+01,
971,0.00e+00,3.12e+01,
972,-8.00e-03,3.12e+01,
973,-8.00e-03,3.12e+01,
974,-8.00e-03,3.12e+01,
975,0.00e+00,3.12e+01,
976,-8.00e-03,3.12e+01,
977,-8.00e-03,3.12e+01,
978,-8.00e-03,3.12e+01,
979,-8.00e-03,3.12e+01,
980,-8.00e-03,3.12e+01,
981,-8.00e-03,3.12e+01,
982,-8.00e-03,3.12e+01,
983,-8.00e-03,3.12e+01,
984,-8.00e-03,3.12e+01,
985,-8.00e-03,3.12e+01,
986,-1.60e-02,3.20e+01,
987,-8.00e-03,3.20e+01,
988,-1.60e-02,3.12e+01,
989,-8.00e-03,3.12e+01,
990,-1.60e-02,3.12e+01,
991,-8.00e-03,3.12e+01,
992,-1.60e-02,3.12e+01,
993,-1.60e-02,3.12e+01,
994,-1.60e-02,3.12e+01,
995,-8.00e-03,3.12e+01,
996,-1.60e-02,3.12e+01,
997,-1.60e-02,3.12e+01,
998,-1.60e-02,3.12e+01,
999,-8.00e-03,3.12e+01,
1000,-8.00e-03,3.12e+01,
1001,-8.00e-03,3.12e+01,
1002,-1.60e-02,3.12e+01,
1003,-8.00e-03,3.12e+01,
1004,-8.00e-03,3.12e+01,
1005,-8.00e-03,3.12e+01,
1006,-8.00e-03,3.12e+01,
1007,0.00e+00,3.12e+01,
1008,-8.00e-03,3.12e+01,
1009,-8.00e-03,3.12e+01,
1010,-8.00e-03,3.12e+01,
1011,0.00e+00,3.12e+01,
1012,-8.00e-03,3.12e+01,
1013,-8.00e-03,3.12e+01,
1014,-8.00e-03,3.12e+01,
1015,0.00e+00,3.12e+01,
1016,-8.00e-03,3.12e+01,
1017,-8.00e-03,3.12e+01,
1018,-8.00e-03,3.12e+01,
1019,-8.00e-03,3.12e+01,
1020,-8.00e-03,3.12e+01,
1021,-8.00e-03,3.12e+01,
1022,-1.60e-02,3.12e+01,
1023,-8.00e-03,3.12e+01,
1024,-8.00e-03,3.12e+01,
1025,-8.00e-03,3.12e+01,
1026,-1.60e-02,3.12e+01,
1027,-8.00e-03,3.20e+01,
1028,-1.60e-02,3.12e+01,
1029,-1.60e-02,3.12e+01,
1030,-1.60e-02,3.12e+01,
1031,-8.00e-03,3.12e+01,
1032,-1.60e-02,3.12e+01,
1033,-8.00e-03,3.12e+01,
1034,-1.60e-02,3.12e+01,
1035,-8.00e-03,3.12e+01,
1036,-8.00e-03,3.12e+01,
1037,-8.00e-03,3.12e+01,
1038,-8.00e-03,3.12e+01,
1039,-8.00e-03,3.12e+01,
1040,-8.00e-03,3.12e+01,
1041,-8.00e-03,3.12e+01,
1042,-8.00e-03,3.12e+01,
1043,0.00e+00,3.12e+01,
1044,-8.00e-03,3.12e+01,
1045,-8.00e-03,3.12e+01,
1046,-8.00e-03,3.12e+01,
1047,0.00e+00,3.12e+01,
1048,-8.00e-03,3.12e+01,
1049,-8.00e-03,3.12e+01,
1050,-8.00e-03,3.12e+01,
1051,0.00e+00,3.12e+01,
1052,-8.00e-03,3.12e+01,
1053,-8.00e-03,3.12e+01,
1054,-8.00e-03,3.12e+01,
1055,0.00e+00,3.12e+01,
1056,-8.00e-03,3.12e+01,
1057,-8.00e-03,3.12e+01,
1058,-8.00e-03,3.12e+01,
1059,-8.00e-03,3.12e+01,
1060,-8.00e-03,3.12e+01,
1061,-8.00e-03,3.12e+01,
1062,-8.00e-03,3.12e+01,
1063,-8.00e-03,3.12e+01,
1064,-8.00e-03,3.12e+01,
1065,-8.00e-03,3.12e+01,
1066,-1.60e-02,3.12e+01,
1067,-8.00e-03,3.12e+01,
1068,-1.60e-02,3.12e+01,
1069,-8.00e-03,3.12e+01,
1070,-1.60e-02,3.12e+01,
1071,-8.00e-03,3.12e+01,
1072,-8.00e-03,3.12e+01,
1073,-8.00e-03,3.12e+01,
1074,-8.00e-03,3.12e+01,
1075,-8.00e-03,3.12e+01,
1076,-8.00e-03,3.12e+01,
1077,-8.00e-03,3.12e+01,
1078,-8.00e-03,3.12e+01,
1079,0.00e+00,3.12e+01,
1080,-8.00e-03,3.12e+01,
1081,-8.00e-03,3.12e+01,
1082,-8.00e-03,3.12e+01,
1083,0.00e+00,3.12e+01,
1084,-8.00e-03,3.12e+01,
1085,-8.00e-03,3.12e+01,
1086,-8.00e-03,3.12e+01,
1087,0.00e+00,3.12e+01,
1088,-8.00e-03,3.12e+01,
1089,-8.00e-03,3.12e+01,
1090,-8.00e-03,3.12e+01,
1091,-8.00e-03,3.12e+01,
1092,-8.00e-03,3.12e+01,
1093,-8.00e-03,3.12e+01,
1094,-8.00e-03,3.12e+01,
1095,-8.00e-03,3.12e+01,
1096,-8.00e-03,3.12e+01,
1097,-8.00e-03,3.12e+01,
1098,-8.00e-03,3.12e+01,
1099,-8.00e-03,3.12e+01,
1100,-8.00e-03,3.12e+01,
1101,-8.00e-03,3.12e+01,
1102,-1.60e-02,3.12e+01,
1103,-8.00e-03,3.12e+01,
1104,-8.00e-03,3.12e+01,
1105,-8.00e-03,3.12e+01,
1106,-1.60e-02,3.12e+01,
1107,-8.00e-03,3.12e+01,
1108,-8.00e-03,3.12e+01,
1109,-8.00e-03,3.12e+01,
1110,-8.00e-03,3.12e+01,
1111,-8.00e-03,3.12e+01,
1112,-8.00e-03,3.12e+01,
1113,-8.00e-03,3.12e+01,
1114,-8.00e-03,3.12e+01,
1115,-8.00e-03,3.12e+01,
1116,-8.00e-03,3.12e+01,
1117,-8.00e-03,3.12e+01,
1118,-8.00e-03,3.12e+01,
1119,-8.00e-03,3.12e+01,
1120,-8.00e-03,3.12e+01,
1121,-8.00e-03,3.12e+01,
1122,-8.00e-03,3.12e+01,
1123,0.00e+00,3.12e+01,
1124,-8.00e-03,3.12e+01,
1125,-8.00e-03,3.12e+01,
1126,-8.00e-03,3.12e+01,
1127,0.00e+00,3.12e+01,
1128,-8.00e-03,3.12e+01,
1129,-8.00e-03,3.12e+01,
1130,-8.00e-03,3.12e+01,
1131,-8.00e-03,3.12e+01,
1132,-8.00e-03,3.12e+01,
1133,-8.00e-03,3.12e+01,
1134,-1.60e-02,3.12e+01,
1135,-8.00e-03,3.12e+01,
1136,-8.00e-03,3.12e+01,
1137,-8.00e-03,3.12e+01,
1138,-1.60e-02,3.12e+01,
1139,-8.00e-03,3.12e+01,
1140,-8.00e-03,3.12e+01,
1141,-8.00e-03,3.12e+01,
1142,-1.60e-02,3.12e+01,
1143,-8.00e-03,3.12e+01,
1144,-8.00e-03,3.12e+01,
1145,-8.00e-03,3.12e+01,
1146,-1.60e-02,3.12e+01,
1147,-8.00e-03,3.12e+01,
1148,-8.00e-03,3.12e+01,
1149,-8.00e-03,3.12e+01,
1150,-8.00e-03,3.12e+01,
1151,-8.00e-03,3.12e+01,
1152,-8.00e-03,3.12e+01,
1153,-8.00e-03,3.12e+01,
1154,-8.00e-03,3.12e+01,
1155,0.00e+00,3.12e+01,
1156,-8.00e-03,3.12e+01,
1157,-8.00e-03,3.12e+01,
1158,-8.00e-03,3.12e+01,
1159,0.00e+00,3.12e+01,
1160,-8.00e-03,3.12e+01,
1161,-8.00e-03,3.12e+01,
1162,-8.00e-03,3.12e+01,
1163,0.00e+00,3.12e+01,
1164,-8.00e-03,3.12e+01,
1165,-8.00e-03,3.12e+01,
1166,-8.00e-03,3.12e+01,
1167,-8.00e-03,3.12e+01,
1168,-8.00e-03,3.12e+01,
1169,-8.00e-03,3.12e+01,
1170,-8.00e-03,3.12e+01,
1171,-8.00e-03,3.12e+01,
1172,-8.00e-03,3.12e+01,
1173,-8.00e-03,3.12e+01,
1174,-8.00e-03,3.12e+01,
1175,-8.00e-03,3.12e+01,
1176,-8.00e-03,3.12e+01,
1177,-8.00e-03,3.12e+01,
1178,-8.00e-03,3.12e+01,
1179,-8.00e-03,3.12e+01,
1180,-8.00e-03,3.12e+01,
1181,-8.00e-03,3.12e+01,
1182,-1.60e-02,3.12e+01,
1183,-8.00e-03,3.12e+01,
1184,-8.00e-03,3.12e+01,
1185,-8.00e-03,3.12e+01,
1186,-8.00e-03,3.12e+01,
1187,0.00e+00,3.12e+01,
1188,-8.00e-03,3.12e+01,
1189,-8.00e-03,3.12e+01,
1190,-8.00e-03,3.12e+01,
1191,0.00e+00,3.12e+01,
1192,-8.00e-03,3.12e+01,
1193,-8.00e-03,3.12e+01,
1194,-8.00e-03,3.12e+01,
1195,-8.00e-03,3.12e+01,
1196,-8.00e-03,3.12e+01,
1197,-8.00e-03,3.12e+01,
1198,-8.00e-03,3.12e+01,
1199,0.00e+00,3.12e+01,
