X,CH2,Start,Increment,
Sequence,Volt,8.828000e-05,1.000000e-09
0,2.96e+01,
1,2.96e+01,
2,2.96e+01,
3,2.96e+01,
4,2.96e+01,
5,2.96e+01,
6,2.96e+01,
7,2.96e+01,
8,2.96e+01,
9,2.96e+01,
10,2.96e+01,
11,2.96e+01,
12,2.96e+01,
13,2.96e+01,
14,2.96e+01,
15,2.96e+01,
16,2.96e+01,
17,2.96e+01,
18,2.96e+01,
19,2.96e+01,
20,2.96e+01,
21,2.96e+01,
22,2.96e+01,
23,2.96e+01,
24,2.96e+01,
25,2.96e+01,
26,2.96e+01,
27,2.96e+01,
28,2.96e+01,
29,2.96e+01,
30,2.96e+01,
31,2.96e+01,
32,2.96e+01,
33,2.96e+01,
34,2.96e+01,
35,2.96e+01,
36,2.96e+01,
37,2.96e+01,
38,2.96e+01,
39,2.96e+01,
40,2.96e+01,
41,2.96e+01,
42,2.96e+01,
43,2.96e+01,
44,2.96e+01,
45,2.96e+01,
46,2.96e+01,
47,2.96e+01,
48,2.96e+01,
49,2.96e+01,
50,2.96e+01,
51,2.96e+01,
52,2.96e+01,
53,2.96e+01,
54,2.96e+01,
55,2.96e+01,
56,2.96e+01,
57,2.96e+01,
58,2.96e+01,
59,2.96e+01,
60,2.96e+01,
61,2.96e+01,
62,2.96e+01,
63,2.96e+01,
64,2.96e+01,
65,2.96e+01,
66,2.96e+01,
67,2.96e+01,
68,2.96e+01,
69,2.96e+01,
70,2.96e+01,
71,2.96e+01,
72,2.96e+01,
73,2.96e+01,
74,2.96e+01,
75,2.96e+01,
76,2.96e+01,
77,2.96e+01,
78,2.96e+01,
79,2.96e+01,
80,2.96e+01,
81,2.96e+01,
82,2.96e+01,
83,2.96e+01,
84,2.96e+01,
85,2.96e+01,
86,2.96e+01,
87,2.96e+01,
88,2.96e+01,
89,2.96e+01,
90,2.96e+01,
91,2.96e+01,
92,2.96e+01,
93,2.96e+01,
94,2.96e+01,
95,2.96e+01,
96,2.96e+01,
97,2.96e+01,
98,2.96e+01,
99,2.96e+01,
100,2.96e+01,
101,2.96e+01,
102,2.96e+01,
103,2.96e+01,
104,2.96e+01,
105,2.96e+01,
106,2.96e+01,
107,2.96e+01,
108,2.96e+01,
109,2.96e+01,
110,2.96e+01,
111,2.96e+01,
112,2.96e+01,
113,2.96e+01,
114,2.96e+01,
115,2.96e+01,
116,2.96e+01,
117,2.96e+01,
118,2.96e+01,
119,2.96e+01,
120,2.96e+01,
121,2.96e+01,
122,2.96e+01,
123,2.96e+01,
124,2.96e+01,
125,2.96e+01,
126,2.96e+01,
127,2.96e+01,
128,2.96e+01,
129,2.96e+01,
130,2.96e+01,
131,2.96e+01,
132,2.96e+01,
133,2.96e+01,
134,2.96e+01,
135,2.96e+01,
136,2.96e+01,
137,2.96e+01,
138,2.96e+01,
139,2.96e+01,
140,2.96e+01,
141,2.96e+01,
142,2.96e+01,
143,2.96e+01,
144,2.96e+01,
145,2.96e+01,
146,2.96e+01,
147,2.96e+01,
148,2.96e+01,
149,2.96e+01,
150,2.96e+01,
151,2.96e+01,
152,2.96e+01,
153,2.96e+01,
154,2.96e+01,
155,2.96e+01,
156,2.96e+01,
157,2.96e+01,
158,2.96e+01,
159,2.96e+01,
160,2.96e+01,
161,2.96e+01,
162,2.96e+01,
163,2.96e+01,
164,2.96e+01,
165,2.96e+01,
166,2.96e+01,
167,2.96e+01,
168,2.96e+01,
169,2.96e+01,
170,2.96e+01,
171,2.96e+01,
172,2.96e+01,
173,2.96e+01,
174,2.96e+01,
175,2.96e+01,
176,2.96e+01,
177,2.96e+01,
178,2.96e+01,
179,2.96e+01,
180,2.96e+01,
181,2.96e+01,
182,2.96e+01,
183,2.96e+01,
184,2.96e+01,
185,2.96e+01,
186,2.96e+01,
187,2.96e+01,
188,2.96e+01,
189,2.96e+01,
190,2.96e+01,
191,2.96e+01,
192,2.96e+01,
193,2.96e+01,
194,2.96e+01,
195,2.96e+01,
196,2.96e+01,
197,2.96e+01,
198,2.96e+01,
199,2.96e+01,
200,2.96e+01,
201,2.96e+01,
202,2.96e+01,
203,2.96e+01,
204,2.96e+01,
205,2.96e+01,
206,2.96e+01,
207,2.96e+01,
208,2.96e+01,
209,2.96e+01,
210,2.96e+01,
211,2.96e+01,
212,2.96e+01,
213,2.96e+01,
214,2.96e+01,
215,2.96e+01,
216,2.96e+01,
217,2.96e+01,
218,2.96e+01,
219,2.96e+01,
220,2.96e+01,
221,2.96e+01,
222,2.96e+01,
223,2.96e+01,
224,2.96e+01,
225,2.96e+01,
226,2.96e+01,
227,2.96e+01,
228,2.96e+01,
229,2.96e+01,
230,2.96e+01,
231,2.96e+01,
232,2.96e+01,
233,2.96e+01,
234,2.96e+01,
235,2.96e+01,
236,2.96e+01,
237,2.96e+01,
238,2.96e+01,
239,2.96e+01,
240,2.96e+01,
241,2.96e+01,
242,2.96e+01,
243,2.96e+01,
244,2.96e+01,
245,2.96e+01,
246,2.96e+01,
247,2.96e+01,
248,2.96e+01,
249,2.96e+01,
250,2.96e+01,
251,2.96e+01,
252,2.96e+01,
253,2.96e+01,
254,2.96e+01,
255,2.96e+01,
256,2.96e+01,
257,2.96e+01,
258,2.96e+01,
259,2.96e+01,
260,2.96e+01,
261,2.96e+01,
262,2.96e+01,
263,2.96e+01,
264,2.96e+01,
265,2.96e+01,
266,2.96e+01,
267,2.96e+01,
268,2.96e+01,
269,2.96e+01,
270,2.96e+01,
271,2.96e+01,
272,2.96e+01,
273,2.96e+01,
274,2.96e+01,
275,2.96e+01,
276,2.96e+01,
277,2.96e+01,
278,2.96e+01,
279,2.96e+01,
280,2.96e+01,
281,2.96e+01,
282,2.96e+01,
283,2.96e+01,
284,2.96e+01,
285,2.96e+01,
286,2.96e+01,
287,2.96e+01,
288,2.96e+01,
289,2.96e+01,
290,2.96e+01,
291,2.96e+01,
292,2.96e+01,
293,2.96e+01,
294,2.96e+01,
295,2.96e+01,
296,2.96e+01,
297,2.96e+01,
298,2.96e+01,
299,2.96e+01,
300,2.96e+01,
301,2.96e+01,
302,2.96e+01,
303,2.96e+01,
304,2.96e+01,
305,2.96e+01,
306,2.96e+01,
307,2.96e+01,
308,2.96e+01,
309,2.96e+01,
310,2.96e+01,
311,2.96e+01,
312,2.96e+01,
313,2.96e+01,
314,2.96e+01,
315,2.96e+01,
316,2.96e+01,
317,2.96e+01,
318,2.96e+01,
319,2.96e+01,
320,2.96e+01,
321,2.96e+01,
322,2.96e+01,
323,2.96e+01,
324,2.96e+01,
325,2.96e+01,
326,2.96e+01,
327,2.96e+01,
328,2.96e+01,
329,2.96e+01,
330,2.96e+01,
331,2.96e+01,
332,2.96e+01,
333,2.96e+01,
334,2.96e+01,
335,2.96e+01,
336,2.96e+01,
337,2.96e+01,
338,2.96e+01,
339,2.96e+01,
340,2.96e+01,
341,2.96e+01,
342,2.96e+01,
343,2.96e+01,
344,2.96e+01,
345,2.96e+01,
346,2.96e+01,
347,2.96e+01,
348,2.96e+01,
349,2.96e+01,
350,2.96e+01,
351,2.96e+01,
352,2.96e+01,
353,2.96e+01,
354,2.96e+01,
355,2.96e+01,
356,2.96e+01,
357,2.96e+01,
358,2.96e+01,
359,2.96e+01,
360,2.96e+01,
361,2.96e+01,
362,2.96e+01,
363,2.96e+01,
364,2.96e+01,
365,2.96e+01,
366,2.96e+01,
367,2.96e+01,
368,2.96e+01,
369,2.96e+01,
370,2.96e+01,
371,2.96e+01,
372,2.96e+01,
373,2.96e+01,
374,2.96e+01,
375,2.96e+01,
376,2.96e+01,
377,2.96e+01,
378,2.96e+01,
379,2.96e+01,
380,2.96e+01,
381,2.96e+01,
382,2.96e+01,
383,2.96e+01,
384,2.96e+01,
385,2.96e+01,
386,2.96e+01,
387,2.96e+01,
388,2.96e+01,
389,2.96e+01,
390,2.96e+01,
391,2.96e+01,
392,2.96e+01,
393,2.96e+01,
394,2.96e+01,
395,2.96e+01,
396,2.96e+01,
397,2.96e+01,
398,2.96e+01,
399,2.96e+01,
400,2.96e+01,
401,2.96e+01,
402,2.96e+01,
403,2.96e+01,
404,2.96e+01,
405,2.96e+01,
406,2.96e+01,
407,2.96e+01,
408,2.96e+01,
409,2.96e+01,
410,2.96e+01,
411,2.96e+01,
412,2.96e+01,
413,2.96e+01,
414,2.96e+01,
415,2.96e+01,
416,2.96e+01,
417,2.96e+01,
418,2.96e+01,
419,2.96e+01,
420,2.96e+01,
421,2.96e+01,
422,2.96e+01,
423,2.96e+01,
424,2.96e+01,
425,2.96e+01,
426,2.96e+01,
427,2.96e+01,
428,2.96e+01,
429,2.96e+01,
430,2.96e+01,
431,2.96e+01,
432,2.96e+01,
433,2.96e+01,
434,2.96e+01,
435,2.96e+01,
436,2.96e+01,
437,2.96e+01,
438,2.96e+01,
439,2.96e+01,
440,2.96e+01,
441,2.96e+01,
442,2.96e+01,
443,2.96e+01,
444,2.96e+01,
445,2.96e+01,
446,2.96e+01,
447,2.96e+01,
448,2.96e+01,
449,2.96e+01,
450,2.96e+01,
451,2.96e+01,
452,2.96e+01,
453,2.96e+01,
454,2.96e+01,
455,2.96e+01,
456,2.96e+01,
457,2.96e+01,
458,2.96e+01,
459,2.96e+01,
460,2.96e+01,
461,2.96e+01,
462,2.96e+01,
463,2.96e+01,
464,2.96e+01,
465,2.96e+01,
466,2.96e+01,
467,2.96e+01,
468,2.96e+01,
469,2.96e+01,
470,2.96e+01,
471,2.96e+01,
472,2.96e+01,
473,2.96e+01,
474,2.96e+01,
475,2.96e+01,
476,2.96e+01,
477,2.96e+01,
478,2.96e+01,
479,2.96e+01,
480,2.96e+01,
481,2.96e+01,
482,2.96e+01,
483,2.96e+01,
484,2.96e+01,
485,2.96e+01,
486,2.96e+01,
487,2.96e+01,
488,2.96e+01,
489,2.96e+01,
490,2.96e+01,
491,2.96e+01,
492,2.96e+01,
493,2.96e+01,
494,2.96e+01,
495,2.96e+01,
496,2.96e+01,
497,2.96e+01,
498,2.96e+01,
499,2.96e+01,
500,2.96e+01,
501,2.96e+01,
502,2.96e+01,
503,2.96e+01,
504,2.96e+01,
505,2.96e+01,
506,2.96e+01,
507,2.96e+01,
508,2.96e+01,
509,2.96e+01,
510,2.96e+01,
511,2.96e+01,
512,2.96e+01,
513,2.96e+01,
514,2.96e+01,
515,2.96e+01,
516,2.96e+01,
517,2.96e+01,
518,2.96e+01,
519,2.96e+01,
520,2.96e+01,
521,2.96e+01,
522,2.96e+01,
523,2.96e+01,
524,2.96e+01,
525,2.96e+01,
526,2.96e+01,
527,2.96e+01,
528,2.96e+01,
529,2.96e+01,
530,2.96e+01,
531,2.96e+01,
532,2.96e+01,
533,2.96e+01,
534,2.96e+01,
535,2.96e+01,
536,2.96e+01,
537,2.96e+01,
538,2.96e+01,
539,2.96e+01,
540,2.96e+01,
541,2.96e+01,
542,2.96e+01,
543,2.96e+01,
544,2.96e+01,
545,2.96e+01,
546,2.96e+01,
547,2.96e+01,
548,2.96e+01,
549,2.96e+01,
550,2.96e+01,
551,2.96e+01,
552,2.96e+01,
553,2.96e+01,
554,2.96e+01,
555,2.96e+01,
556,2.96e+01,
557,2.96e+01,
558,2.96e+01,
559,2.96e+01,
560,2.96e+01,
561,2.96e+01,
562,2.96e+01,
563,2.96e+01,
564,2.96e+01,
565,2.96e+01,
566,2.96e+01,
567,2.96e+01,
568,2.96e+01,
569,2.96e+01,
570,2.96e+01,
571,2.96e+01,
572,2.96e+01,
573,2.96e+01,
574,2.96e+01,
575,2.96e+01,
576,2.96e+01,
577,2.96e+01,
578,2.96e+01,
579,2.96e+01,
580,2.96e+01,
581,2.96e+01,
582,2.96e+01,
583,2.96e+01,
584,2.96e+01,
585,2.96e+01,
586,2.96e+01,
587,2.96e+01,
588,2.96e+01,
589,2.96e+01,
590,2.96e+01,
591,2.96e+01,
592,2.96e+01,
593,2.96e+01,
594,2.96e+01,
595,2.96e+01,
596,2.96e+01,
597,2.96e+01,
598,2.96e+01,
599,2.96e+01,
600,2.96e+01,
601,2.96e+01,
602,2.96e+01,
603,2.96e+01,
604,2.96e+01,
605,2.96e+01,
606,2.96e+01,
607,2.96e+01,
608,2.96e+01,
609,2.96e+01,
610,2.96e+01,
611,2.96e+01,
612,2.96e+01,
613,2.96e+01,
614,2.96e+01,
615,2.96e+01,
616,2.96e+01,
617,2.96e+01,
618,2.96e+01,
619,2.96e+01,
620,2.96e+01,
621,2.96e+01,
622,2.96e+01,
623,2.96e+01,
624,2.96e+01,
625,2.96e+01,
626,2.96e+01,
627,2.96e+01,
628,2.96e+01,
629,2.96e+01,
630,2.96e+01,
631,2.96e+01,
632,2.96e+01,
633,2.96e+01,
634,2.96e+01,
635,2.96e+01,
636,2.96e+01,
637,2.96e+01,
638,2.96e+01,
639,2.96e+01,
640,2.96e+01,
641,2.96e+01,
642,2.96e+01,
643,2.96e+01,
644,2.96e+01,
645,2.96e+01,
646,2.96e+01,
647,2.96e+01,
648,2.96e+01,
649,2.96e+01,
650,2.96e+01,
651,2.96e+01,
652,2.96e+01,
653,2.96e+01,
654,2.96e+01,
655,2.96e+01,
656,2.96e+01,
657,2.96e+01,
658,2.96e+01,
659,2.96e+01,
660,2.96e+01,
661,2.96e+01,
662,2.96e+01,
663,2.96e+01,
664,2.96e+01,
665,2.96e+01,
666,2.96e+01,
667,2.96e+01,
668,2.96e+01,
669,2.96e+01,
670,2.96e+01,
671,2.96e+01,
672,2.96e+01,
673,2.96e+01,
674,2.96e+01,
675,2.96e+01,
676,2.96e+01,
677,2.96e+01,
678,2.96e+01,
679,2.96e+01,
680,2.96e+01,
681,2.96e+01,
682,2.96e+01,
683,2.96e+01,
684,2.96e+01,
685,2.96e+01,
686,2.96e+01,
687,2.96e+01,
688,2.96e+01,
689,2.96e+01,
690,2.96e+01,
691,2.96e+01,
692,2.96e+01,
693,2.96e+01,
694,2.96e+01,
695,2.96e+01,
696,2.96e+01,
697,2.96e+01,
698,2.96e+01,
699,2.96e+01,
700,2.96e+01,
701,2.96e+01,
702,2.96e+01,
703,2.96e+01,
704,2.96e+01,
705,2.96e+01,
706,2.96e+01,
707,2.96e+01,
708,2.96e+01,
709,2.96e+01,
710,2.96e+01,
711,2.96e+01,
712,2.96e+01,
713,2.96e+01,
714,2.96e+01,
715,2.96e+01,
716,2.96e+01,
717,2.96e+01,
718,2.96e+01,
719,2.96e+01,
720,2.96e+01,
721,2.96e+01,
722,2.96e+01,
723,2.96e+01,
724,2.96e+01,
725,2.96e+01,
726,2.96e+01,
727,2.96e+01,
728,2.96e+01,
729,2.96e+01,
730,2.96e+01,
731,2.96e+01,
732,2.96e+01,
733,2.96e+01,
734,2.96e+01,
735,2.96e+01,
736,2.96e+01,
737,2.96e+01,
738,2.96e+01,
739,2.96e+01,
740,2.96e+01,
741,2.96e+01,
742,2.96e+01,
743,2.96e+01,
744,2.96e+01,
745,2.96e+01,
746,2.96e+01,
747,2.96e+01,
748,2.96e+01,
749,2.96e+01,
750,2.96e+01,
751,2.96e+01,
752,2.96e+01,
753,2.96e+01,
754,2.96e+01,
755,2.96e+01,
756,2.96e+01,
757,2.96e+01,
758,2.96e+01,
759,2.96e+01,
760,2.96e+01,
761,2.96e+01,
762,2.96e+01,
763,2.96e+01,
764,2.96e+01,
765,2.96e+01,
766,2.96e+01,
767,2.96e+01,
768,2.96e+01,
769,2.96e+01,
770,2.96e+01,
771,2.96e+01,
772,2.96e+01,
773,2.96e+01,
774,2.96e+01,
775,2.96e+01,
776,2.96e+01,
777,2.96e+01,
778,2.96e+01,
779,2.96e+01,
780,2.96e+01,
781,2.96e+01,
782,2.96e+01,
783,2.96e+01,
784,2.96e+01,
785,2.96e+01,
786,2.96e+01,
787,2.96e+01,
788,2.96e+01,
789,2.96e+01,
790,2.96e+01,
791,2.96e+01,
792,2.96e+01,
793,2.96e+01,
794,2.96e+01,
795,2.96e+01,
796,2.96e+01,
797,2.96e+01,
798,2.96e+01,
799,2.96e+01,
800,2.96e+01,
801,2.96e+01,
802,2.96e+01,
803,2.96e+01,
804,2.96e+01,
805,2.96e+01,
806,2.96e+01,
807,2.96e+01,
808,2.96e+01,
809,2.96e+01,
810,2.96e+01,
811,2.96e+01,
812,2.96e+01,
813,2.96e+01,
814,2.96e+01,
815,2.96e+01,
816,2.96e+01,
817,2.96e+01,
818,2.96e+01,
819,2.96e+01,
820,2.96e+01,
821,2.96e+01,
822,2.96e+01,
823,2.96e+01,
824,2.96e+01,
825,2.96e+01,
826,2.96e+01,
827,2.96e+01,
828,2.96e+01,
829,2.96e+01,
830,2.96e+01,
831,2.96e+01,
832,2.96e+01,
833,2.96e+01,
834,2.96e+01,
835,2.96e+01,
836,2.96e+01,
837,2.96e+01,
838,2.96e+01,
839,2.96e+01,
840,2.96e+01,
841,2.96e+01,
842,2.96e+01,
843,2.96e+01,
844,2.96e+01,
845,2.96e+01,
846,2.96e+01,
847,2.96e+01,
848,2.96e+01,
849,2.96e+01,
850,2.96e+01,
851,2.96e+01,
852,2.96e+01,
853,2.96e+01,
854,2.96e+01,
855,2.96e+01,
856,2.96e+01,
857,2.96e+01,
858,2.96e+01,
859,2.96e+01,
860,2.96e+01,
861,2.96e+01,
862,2.96e+01,
863,2.96e+01,
864,2.96e+01,
865,2.96e+01,
866,2.96e+01,
867,2.96e+01,
868,2.96e+01,
869,2.96e+01,
870,2.88e+01,
871,2.96e+01,
872,2.96e+01,
873,2.96e+01,
874,2.96e+01,
875,2.88e+01,
876,2.88e+01,
877,2.88e+01,
878,2.88e+01,
879,2.88e+01,
880,2.88e+01,
881,2.88e+01,
882,2.96e+01,
883,2.88e+01,
884,2.88e+01,
885,2.88e+01,
886,2.88e+01,
887,2.88e+01,
888,2.88e+01,
889,2.88e+01,
890,2.88e+01,
891,2.88e+01,
892,2.88e+01,
893,2.88e+01,
894,2.88e+01,
895,2.88e+01,
896,2.88e+01,
897,2.88e+01,
898,2.88e+01,
899,2.88e+01,
900,2.88e+01,
901,2.88e+01,
902,2.88e+01,
903,2.88e+01,
904,2.88e+01,
905,2.88e+01,
906,2.88e+01,
907,2.88e+01,
908,2.88e+01,
909,2.88e+01,
910,2.80e+01,
911,2.80e+01,
912,2.80e+01,
913,2.80e+01,
914,2.88e+01,
915,2.80e+01,
916,2.80e+01,
917,2.80e+01,
918,2.80e+01,
919,2.80e+01,
920,2.80e+01,
921,2.80e+01,
922,2.80e+01,
923,2.80e+01,
924,2.80e+01,
925,2.80e+01,
926,2.80e+01,
927,2.80e+01,
928,2.80e+01,
929,2.80e+01,
930,2.80e+01,
931,2.80e+01,
932,2.72e+01,
933,2.72e+01,
934,2.72e+01,
935,2.72e+01,
936,2.72e+01,
937,2.72e+01,
938,2.72e+01,
939,2.72e+01,
940,2.72e+01,
941,2.72e+01,
942,2.72e+01,
943,2.72e+01,
944,2.72e+01,
945,2.72e+01,
946,2.72e+01,
947,2.72e+01,
948,2.64e+01,
949,2.64e+01,
950,2.64e+01,
951,2.64e+01,
952,2.64e+01,
953,2.64e+01,
954,2.64e+01,
955,2.64e+01,
956,2.64e+01,
957,2.64e+01,
958,2.64e+01,
959,2.56e+01,
960,2.56e+01,
961,2.56e+01,
962,2.56e+01,
963,2.56e+01,
964,2.56e+01,
965,2.56e+01,
966,2.56e+01,
967,2.56e+01,
968,2.56e+01,
969,2.56e+01,
970,2.56e+01,
971,2.56e+01,
972,2.48e+01,
973,2.48e+01,
974,2.48e+01,
975,2.48e+01,
976,2.48e+01,
977,2.48e+01,
978,2.48e+01,
979,2.48e+01,
980,2.48e+01,
981,2.48e+01,
982,2.48e+01,
983,2.48e+01,
984,2.40e+01,
985,2.40e+01,
986,2.40e+01,
987,2.40e+01,
988,2.40e+01,
989,2.40e+01,
990,2.40e+01,
991,2.40e+01,
992,2.40e+01,
993,2.40e+01,
994,2.40e+01,
995,2.32e+01,
996,2.32e+01,
997,2.32e+01,
998,2.32e+01,
999,2.32e+01,
1000,2.32e+01,
1001,2.32e+01,
1002,2.32e+01,
1003,2.32e+01,
1004,2.24e+01,
1005,2.32e+01,
1006,2.24e+01,
1007,2.24e+01,
1008,2.24e+01,
1009,2.24e+01,
1010,2.24e+01,
1011,2.24e+01,
1012,2.24e+01,
1013,2.24e+01,
1014,2.24e+01,
1015,2.16e+01,
1016,2.16e+01,
1017,2.16e+01,
1018,2.16e+01,
1019,2.16e+01,
1020,2.16e+01,
1021,2.16e+01,
1022,2.16e+01,
1023,2.16e+01,
1024,2.08e+01,
1025,2.16e+01,
1026,2.08e+01,
1027,2.08e+01,
1028,2.08e+01,
1029,2.08e+01,
1030,2.08e+01,
1031,2.08e+01,
1032,2.08e+01,
1033,2.08e+01,
1034,2.08e+01,
1035,2.00e+01,
1036,2.00e+01,
1037,2.00e+01,
1038,2.00e+01,
1039,2.00e+01,
1040,2.00e+01,
1041,2.00e+01,
1042,2.00e+01,
1043,2.00e+01,
1044,1.92e+01,
1045,1.92e+01,
1046,1.92e+01,
1047,1.92e+01,
1048,1.92e+01,
1049,1.92e+01,
1050,1.92e+01,
1051,1.92e+01,
1052,1.84e+01,
1053,1.92e+01,
1054,1.84e+01,
1055,1.92e+01,
1056,1.84e+01,
1057,1.84e+01,
1058,1.84e+01,
1059,1.84e+01,
1060,1.84e+01,
1061,1.84e+01,
1062,1.84e+01,
1063,1.84e+01,
1064,1.76e+01,
1065,1.84e+01,
1066,1.76e+01,
1067,1.76e+01,
1068,1.76e+01,
1069,1.76e+01,
1070,1.76e+01,
1071,1.76e+01,
1072,1.76e+01,
1073,1.76e+01,
1074,1.76e+01,
1075,1.76e+01,
1076,1.68e+01,
1077,1.68e+01,
1078,1.68e+01,
1079,1.68e+01,
1080,1.68e+01,
1081,1.68e+01,
1082,1.68e+01,
1083,1.68e+01,
1084,1.60e+01,
1085,1.68e+01,
1086,1.68e+01,
1087,1.68e+01,
1088,1.60e+01,
1089,1.60e+01,
1090,1.60e+01,
1091,1.60e+01,
1092,1.60e+01,
1093,1.60e+01,
1094,1.60e+01,
1095,1.60e+01,
1096,1.52e+01,
1097,1.60e+01,
1098,1.52e+01,
1099,1.60e+01,
1100,1.52e+01,
1101,1.52e+01,
1102,1.52e+01,
1103,1.52e+01,
1104,1.52e+01,
1105,1.52e+01,
1106,1.52e+01,
1107,1.52e+01,
1108,1.44e+01,
1109,1.52e+01,
1110,1.44e+01,
1111,1.52e+01,
1112,1.44e+01,
1113,1.44e+01,
1114,1.44e+01,
1115,1.44e+01,
1116,1.44e+01,
1117,1.44e+01,
1118,1.44e+01,
1119,1.44e+01,
1120,1.36e+01,
1121,1.44e+01,
1122,1.44e+01,
1123,1.44e+01,
1124,1.36e+01,
1125,1.36e+01,
1126,1.36e+01,
1127,1.36e+01,
1128,1.36e+01,
1129,1.36e+01,
1130,1.36e+01,
1131,1.36e+01,
1132,1.36e+01,
1133,1.36e+01,
1134,1.28e+01,
1135,1.36e+01,
1136,1.28e+01,
1137,1.36e+01,
1138,1.28e+01,
1139,1.36e+01,
1140,1.28e+01,
1141,1.28e+01,
1142,1.28e+01,
1143,1.28e+01,
1144,1.28e+01,
1145,1.28e+01,
1146,1.28e+01,
1147,1.28e+01,
1148,1.20e+01,
1149,1.28e+01,
1150,1.20e+01,
1151,1.28e+01,
1152,1.20e+01,
1153,1.28e+01,
1154,1.20e+01,
1155,1.20e+01,
1156,1.20e+01,
1157,1.20e+01,
1158,1.20e+01,
1159,1.20e+01,
1160,1.20e+01,
1161,1.20e+01,
1162,1.20e+01,
1163,1.20e+01,
1164,1.12e+01,
1165,1.20e+01,
1166,1.20e+01,
1167,1.20e+01,
1168,1.12e+01,
1169,1.20e+01,
1170,1.20e+01,
1171,1.20e+01,
1172,1.12e+01,
1173,1.20e+01,
1174,1.12e+01,
1175,1.12e+01,
1176,1.12e+01,
1177,1.12e+01,
1178,1.12e+01,
1179,1.12e+01,
1180,1.12e+01,
1181,1.12e+01,
1182,1.12e+01,
1183,1.12e+01,
1184,1.12e+01,
1185,1.12e+01,
1186,1.12e+01,
1187,1.12e+01,
1188,1.04e+01,
1189,1.12e+01,
1190,1.12e+01,
1191,1.12e+01,
1192,1.04e+01,
1193,1.12e+01,
1194,1.12e+01,
1195,1.12e+01,
1196,1.04e+01,
1197,1.04e+01,
1198,1.04e+01,
1199,1.12e+01,
1200,1.04e+01,
1201,1.04e+01,
1202,1.04e+01,
1203,1.04e+01,
1204,1.04e+01,
1205,1.04e+01,
1206,1.04e+01,
1207,1.04e+01,
1208,1.04e+01,
1209,1.04e+01,
1210,1.04e+01,
1211,1.04e+01,
1212,9.60e+00,
1213,1.04e+01,
1214,1.04e+01,
1215,1.04e+01,
1216,9.60e+00,
1217,1.04e+01,
1218,1.04e+01,
1219,1.04e+01,
1220,9.60e+00,
1221,1.04e+01,
1222,9.60e+00,
1223,9.60e+00,
1224,9.60e+00,
1225,1.04e+01,
1226,9.60e+00,
1227,1.04e+01,
1228,9.60e+00,
1229,9.60e+00,
1230,9.60e+00,
1231,9.60e+00,
1232,9.60e+00,
1233,9.60e+00,
1234,9.60e+00,
1235,9.60e+00,
1236,9.60e+00,
1237,9.60e+00,
1238,9.60e+00,
1239,9.60e+00,
1240,9.60e+00,
1241,9.60e+00,
1242,9.60e+00,
1243,9.60e+00,
1244,9.60e+00,
1245,9.60e+00,
1246,9.60e+00,
1247,9.60e+00,
1248,9.60e+00,
1249,9.60e+00,
1250,9.60e+00,
1251,9.60e+00,
1252,8.80e+00,
1253,9.60e+00,
1254,9.60e+00,
1255,9.60e+00,
1256,9.60e+00,
1257,9.60e+00,
1258,9.60e+00,
1259,9.60e+00,
1260,8.80e+00,
1261,9.60e+00,
1262,9.60e+00,
1263,9.60e+00,
1264,8.80e+00,
1265,9.60e+00,
1266,9.60e+00,
1267,9.60e+00,
1268,8.80e+00,
1269,9.60e+00,
1270,8.80e+00,
1271,9.60e+00,
1272,8.80e+00,
1273,9.60e+00,
1274,9.60e+00,
1275,9.60e+00,
1276,8.80e+00,
1277,9.60e+00,
1278,9.60e+00,
1279,9.60e+00,
1280,8.80e+00,
1281,9.60e+00,
1282,9.60e+00,
1283,9.60e+00,
1284,8.80e+00,
1285,9.60e+00,
1286,8.80e+00,
1287,9.60e+00,
1288,8.80e+00,
1289,9.60e+00,
1290,9.60e+00,
1291,9.60e+00,
1292,8.80e+00,
1293,9.60e+00,
1294,9.60e+00,
1295,9.60e+00,
1296,8.80e+00,
1297,9.60e+00,
1298,9.60e+00,
1299,9.60e+00,
1300,8.80e+00,
1301,9.60e+00,
1302,9.60e+00,
1303,9.60e+00,
1304,8.80e+00,
1305,9.60e+00,
1306,9.60e+00,
1307,9.60e+00,
1308,8.80e+00,
1309,9.60e+00,
1310,9.60e+00,
1311,9.60e+00,
1312,8.80e+00,
1313,9.60e+00,
1314,9.60e+00,
1315,9.60e+00,
1316,8.80e+00,
1317,9.60e+00,
1318,9.60e+00,
1319,9.60e+00,
1320,9.60e+00,
1321,9.60e+00,
1322,9.60e+00,
1323,9.60e+00,
1324,8.80e+00,
1325,9.60e+00,
1326,9.60e+00,
1327,9.60e+00,
1328,9.60e+00,
1329,9.60e+00,
1330,9.60e+00,
1331,9.60e+00,
1332,9.60e+00,
1333,9.60e+00,
1334,9.60e+00,
1335,9.60e+00,
1336,9.60e+00,
1337,9.60e+00,
1338,9.60e+00,
1339,9.60e+00,
1340,9.60e+00,
1341,9.60e+00,
1342,9.60e+00,
1343,9.60e+00,
1344,9.60e+00,
1345,9.60e+00,
1346,9.60e+00,
1347,9.60e+00,
1348,9.60e+00,
1349,1.04e+01,
1350,9.60e+00,
1351,1.04e+01,
1352,9.60e+00,
1353,1.04e+01,
1354,1.04e+01,
1355,1.04e+01,
1356,9.60e+00,
1357,1.04e+01,
1358,1.04e+01,
1359,1.04e+01,
1360,9.60e+00,
1361,1.04e+01,
1362,1.04e+01,
1363,1.04e+01,
1364,1.04e+01,
1365,1.04e+01,
1366,1.04e+01,
1367,1.04e+01,
1368,1.04e+01,
1369,1.04e+01,
1370,1.04e+01,
1371,1.04e+01,
1372,1.04e+01,
1373,1.04e+01,
1374,1.04e+01,
1375,1.04e+01,
1376,1.04e+01,
1377,1.04e+01,
1378,1.04e+01,
1379,1.12e+01,
1380,1.04e+01,
1381,1.12e+01,
1382,1.04e+01,
1383,1.12e+01,
1384,1.12e+01,
1385,1.12e+01,
1386,1.12e+01,
1387,1.12e+01,
1388,1.04e+01,
1389,1.12e+01,
1390,1.12e+01,
1391,1.12e+01,
1392,1.12e+01,
1393,1.12e+01,
1394,1.12e+01,
1395,1.12e+01,
1396,1.12e+01,
1397,1.12e+01,
1398,1.12e+01,
1399,1.12e+01,
1400,1.12e+01,
1401,1.20e+01,
1402,1.12e+01,
1403,1.12e+01,
1404,1.12e+01,
1405,1.20e+01,
1406,1.20e+01,
1407,1.20e+01,
1408,1.20e+01,
1409,1.20e+01,
1410,1.20e+01,
1411,1.20e+01,
1412,1.20e+01,
1413,1.20e+01,
1414,1.20e+01,
1415,1.20e+01,
1416,1.20e+01,
1417,1.20e+01,
1418,1.20e+01,
1419,1.28e+01,
1420,1.20e+01,
1421,1.28e+01,
1422,1.20e+01,
1423,1.28e+01,
1424,1.28e+01,
1425,1.28e+01,
1426,1.28e+01,
1427,1.28e+01,
1428,1.20e+01,
1429,1.28e+01,
1430,1.28e+01,
1431,1.28e+01,
1432,1.28e+01,
1433,1.28e+01,
1434,1.28e+01,
1435,1.28e+01,
1436,1.28e+01,
1437,1.36e+01,
1438,1.28e+01,
1439,1.36e+01,
1440,1.28e+01,
1441,1.36e+01,
1442,1.36e+01,
1443,1.36e+01,
1444,1.36e+01,
1445,1.36e+01,
1446,1.36e+01,
1447,1.36e+01,
1448,1.36e+01,
1449,1.36e+01,
1450,1.36e+01,
1451,1.36e+01,
1452,1.36e+01,
1453,1.44e+01,
1454,1.36e+01,
1455,1.44e+01,
1456,1.44e+01,
1457,1.44e+01,
1458,1.44e+01,
1459,1.44e+01,
1460,1.44e+01,
1461,1.44e+01,
1462,1.44e+01,
1463,1.44e+01,
1464,1.44e+01,
1465,1.52e+01,
1466,1.44e+01,
1467,1.52e+01,
1468,1.44e+01,
1469,1.52e+01,
1470,1.52e+01,
1471,1.52e+01,
1472,1.52e+01,
1473,1.52e+01,
1474,1.52e+01,
1475,1.52e+01,
1476,1.52e+01,
1477,1.52e+01,
1478,1.52e+01,
1479,1.60e+01,
1480,1.52e+01,
1481,1.60e+01,
1482,1.60e+01,
1483,1.60e+01,
1484,1.60e+01,
1485,1.60e+01,
1486,1.60e+01,
1487,1.60e+01,
1488,1.60e+01,
1489,1.60e+01,
1490,1.60e+01,
1491,1.68e+01,
1492,1.60e+01,
1493,1.68e+01,
1494,1.68e+01,
1495,1.68e+01,
1496,1.68e+01,
1497,1.68e+01,
1498,1.68e+01,
1499,1.68e+01,
1500,1.68e+01,
1501,1.76e+01,
1502,1.68e+01,
1503,1.76e+01,
1504,1.76e+01,
1505,1.76e+01,
1506,1.76e+01,
1507,1.76e+01,
1508,1.76e+01,
1509,1.76e+01,
1510,1.76e+01,
1511,1.76e+01,
1512,1.76e+01,
1513,1.76e+01,
1514,1.76e+01,
1515,1.84e+01,
1516,1.76e+01,
1517,1.84e+01,
1518,1.84e+01,
1519,1.84e+01,
1520,1.84e+01,
1521,1.84e+01,
1522,1.84e+01,
1523,1.84e+01,
1524,1.84e+01,
1525,1.84e+01,
1526,1.92e+01,
1527,1.92e+01,
1528,1.92e+01,
1529,1.92e+01,
1530,1.92e+01,
1531,1.92e+01,
1532,1.92e+01,
1533,1.92e+01,
1534,1.92e+01,
1535,1.92e+01,
1536,1.92e+01,
1537,1.92e+01,
1538,2.00e+01,
1539,2.00e+01,
1540,2.00e+01,
1541,2.00e+01,
1542,2.00e+01,
1543,2.00e+01,
1544,2.00e+01,
1545,2.00e+01,
1546,2.00e+01,
1547,2.00e+01,
1548,2.00e+01,
1549,2.08e+01,
1550,2.08e+01,
1551,2.08e+01,
1552,2.08e+01,
1553,2.08e+01,
1554,2.08e+01,
1555,2.08e+01,
1556,2.08e+01,
1557,2.08e+01,
1558,2.08e+01,
1559,2.16e+01,
1560,2.08e+01,
1561,2.16e+01,
1562,2.16e+01,
1563,2.16e+01,
1564,2.16e+01,
1565,2.16e+01,
1566,2.16e+01,
1567,2.16e+01,
1568,2.16e+01,
1569,2.16e+01,
1570,2.16e+01,
1571,2.24e+01,
1572,2.16e+01,
1573,2.24e+01,
1574,2.24e+01,
1575,2.24e+01,
1576,2.24e+01,
1577,2.24e+01,
1578,2.24e+01,
1579,2.24e+01,
1580,2.24e+01,
1581,2.32e+01,
1582,2.32e+01,
1583,2.32e+01,
1584,2.32e+01,
1585,2.32e+01,
1586,2.32e+01,
1587,2.32e+01,
1588,2.32e+01,
1589,2.32e+01,
1590,2.32e+01,
1591,2.32e+01,
1592,2.32e+01,
1593,2.40e+01,
1594,2.40e+01,
1595,2.40e+01,
1596,2.32e+01,
1597,2.40e+01,
1598,2.40e+01,
1599,2.40e+01,
1600,2.40e+01,
1601,2.40e+01,
1602,2.40e+01,
1603,2.40e+01,
1604,2.40e+01,
1605,2.40e+01,
1606,2.40e+01,
1607,2.40e+01,
1608,2.48e+01,
1609,2.48e+01,
1610,2.48e+01,
1611,2.48e+01,
1612,2.48e+01,
1613,2.48e+01,
1614,2.48e+01,
1615,2.48e+01,
1616,2.48e+01,
1617,2.48e+01,
1618,2.48e+01,
1619,2.48e+01,
1620,2.48e+01,
1621,2.48e+01,
1622,2.48e+01,
1623,2.48e+01,
1624,2.56e+01,
1625,2.56e+01,
1626,2.56e+01,
1627,2.56e+01,
1628,2.56e+01,
1629,2.56e+01,
1630,2.56e+01,
1631,2.56e+01,
1632,2.56e+01,
1633,2.56e+01,
1634,2.56e+01,
1635,2.56e+01,
1636,2.56e+01,
1637,2.56e+01,
1638,2.56e+01,
1639,2.56e+01,
1640,2.64e+01,
1641,2.64e+01,
1642,2.64e+01,
1643,2.64e+01,
1644,2.64e+01,
1645,2.64e+01,
1646,2.64e+01,
1647,2.64e+01,
1648,2.64e+01,
1649,2.64e+01,
1650,2.64e+01,
1651,2.64e+01,
1652,2.64e+01,
1653,2.64e+01,
1654,2.64e+01,
1655,2.64e+01,
1656,2.64e+01,
1657,2.72e+01,
1658,2.72e+01,
1659,2.72e+01,
1660,2.72e+01,
1661,2.72e+01,
1662,2.72e+01,
1663,2.72e+01,
1664,2.72e+01,
1665,2.72e+01,
1666,2.72e+01,
1667,2.72e+01,
1668,2.72e+01,
1669,2.72e+01,
1670,2.72e+01,
1671,2.72e+01,
1672,2.72e+01,
1673,2.72e+01,
1674,2.72e+01,
1675,2.72e+01,
1676,2.72e+01,
1677,2.72e+01,
1678,2.72e+01,
1679,2.72e+01,
1680,2.72e+01,
1681,2.72e+01,
1682,2.72e+01,
1683,2.80e+01,
1684,2.72e+01,
1685,2.72e+01,
1686,2.72e+01,
1687,2.72e+01,
1688,2.72e+01,
1689,2.80e+01,
1690,2.72e+01,
1691,2.80e+01,
1692,2.80e+01,
1693,2.80e+01,
1694,2.80e+01,
1695,2.80e+01,
1696,2.80e+01,
1697,2.80e+01,
1698,2.80e+01,
1699,2.80e+01,
1700,2.80e+01,
1701,2.80e+01,
1702,2.80e+01,
1703,2.80e+01,
1704,2.80e+01,
1705,2.80e+01,
1706,2.80e+01,
1707,2.80e+01,
1708,2.80e+01,
1709,2.80e+01,
1710,2.80e+01,
1711,2.80e+01,
1712,2.80e+01,
1713,2.80e+01,
1714,2.80e+01,
1715,2.80e+01,
1716,2.80e+01,
1717,2.80e+01,
1718,2.80e+01,
1719,2.80e+01,
1720,2.80e+01,
1721,2.80e+01,
1722,2.80e+01,
1723,2.80e+01,
1724,2.80e+01,
1725,2.80e+01,
1726,2.80e+01,
1727,2.80e+01,
1728,2.80e+01,
1729,2.80e+01,
1730,2.80e+01,
1731,2.80e+01,
1732,2.80e+01,
1733,2.80e+01,
1734,2.80e+01,
1735,2.80e+01,
1736,2.80e+01,
1737,2.80e+01,
1738,2.80e+01,
1739,2.80e+01,
1740,2.80e+01,
1741,2.80e+01,
1742,2.80e+01,
1743,2.80e+01,
1744,2.72e+01,
1745,2.80e+01,
1746,2.80e+01,
1747,2.80e+01,
1748,2.72e+01,
1749,2.72e+01,
1750,2.72e+01,
1751,2.72e+01,
1752,2.72e+01,
1753,2.72e+01,
1754,2.72e+01,
1755,2.72e+01,
1756,2.72e+01,
1757,2.72e+01,
1758,2.72e+01,
1759,2.72e+01,
1760,2.72e+01,
1761,2.72e+01,
1762,2.72e+01,
1763,2.72e+01,
1764,2.72e+01,
1765,2.72e+01,
1766,2.72e+01,
1767,2.72e+01,
1768,2.72e+01,
1769,2.72e+01,
1770,2.72e+01,
1771,2.72e+01,
1772,2.72e+01,
1773,2.72e+01,
1774,2.72e+01,
1775,2.72e+01,
1776,2.72e+01,
1777,2.72e+01,
1778,2.72e+01,
1779,2.72e+01,
1780,2.72e+01,
1781,2.72e+01,
1782,2.64e+01,
1783,2.64e+01,
1784,2.64e+01,
1785,2.64e+01,
1786,2.64e+01,
1787,2.64e+01,
1788,2.64e+01,
1789,2.64e+01,
1790,2.64e+01,
1791,2.64e+01,
1792,2.64e+01,
1793,2.64e+01,
1794,2.64e+01,
1795,2.64e+01,
1796,2.64e+01,
1797,2.64e+01,
1798,2.64e+01,
1799,2.64e+01,
1800,2.56e+01,
1801,2.64e+01,
1802,2.56e+01,
1803,2.56e+01,
1804,2.56e+01,
1805,2.56e+01,
1806,2.56e+01,
1807,2.56e+01,
1808,2.56e+01,
1809,2.56e+01,
1810,2.56e+01,
1811,2.56e+01,
1812,2.56e+01,
1813,2.56e+01,
1814,2.56e+01,
1815,2.56e+01,
1816,2.56e+01,
1817,2.56e+01,
1818,2.48e+01,
1819,2.48e+01,
1820,2.48e+01,
1821,2.48e+01,
1822,2.48e+01,
1823,2.48e+01,
1824,2.48e+01,
1825,2.48e+01,
1826,2.48e+01,
1827,2.48e+01,
1828,2.48e+01,
1829,2.48e+01,
1830,2.48e+01,
1831,2.48e+01,
1832,2.40e+01,
1833,2.40e+01,
1834,2.40e+01,
1835,2.40e+01,
1836,2.40e+01,
1837,2.40e+01,
1838,2.40e+01,
1839,2.40e+01,
1840,2.40e+01,
1841,2.40e+01,
1842,2.40e+01,
1843,2.40e+01,
1844,2.40e+01,
1845,2.40e+01,
1846,2.32e+01,
1847,2.32e+01,
1848,2.32e+01,
1849,2.32e+01,
1850,2.32e+01,
1851,2.32e+01,
1852,2.32e+01,
1853,2.32e+01,
1854,2.32e+01,
1855,2.32e+01,
1856,2.24e+01,
1857,2.32e+01,
1858,2.32e+01,
1859,2.32e+01,
1860,2.24e+01,
1861,2.24e+01,
1862,2.24e+01,
1863,2.24e+01,
1864,2.24e+01,
1865,2.24e+01,
1866,2.24e+01,
1867,2.24e+01,
1868,2.16e+01,
1869,2.24e+01,
1870,2.16e+01,
1871,2.24e+01,
1872,2.16e+01,
1873,2.16e+01,
1874,2.16e+01,
1875,2.16e+01,
1876,2.16e+01,
1877,2.16e+01,
1878,2.16e+01,
1879,2.16e+01,
1880,2.16e+01,
1881,2.16e+01,
1882,2.16e+01,
1883,2.08e+01,
1884,2.08e+01,
1885,2.08e+01,
1886,2.08e+01,
1887,2.08e+01,
1888,2.08e+01,
1889,2.08e+01,
1890,2.08e+01,
1891,2.08e+01,
1892,2.00e+01,
1893,2.08e+01,
1894,2.00e+01,
1895,2.00e+01,
1896,2.00e+01,
1897,2.00e+01,
1898,2.00e+01,
1899,2.00e+01,
1900,2.00e+01,
1901,2.00e+01,
1902,2.00e+01,
1903,2.00e+01,
1904,2.00e+01,
1905,2.00e+01,
1906,1.92e+01,
1907,1.92e+01,
1908,1.92e+01,
1909,1.92e+01,
1910,1.92e+01,
1911,1.92e+01,
1912,1.92e+01,
1913,1.92e+01,
1914,1.92e+01,
1915,1.92e+01,
1916,1.84e+01,
1917,1.92e+01,
1918,1.84e+01,
1919,1.84e+01,
1920,1.84e+01,
1921,1.84e+01,
1922,1.84e+01,
1923,1.84e+01,
1924,1.84e+01,
1925,1.84e+01,
1926,1.84e+01,
1927,1.84e+01,
1928,1.84e+01,
1929,1.84e+01,
1930,1.76e+01,
1931,1.76e+01,
1932,1.76e+01,
1933,1.76e+01,
1934,1.76e+01,
1935,1.76e+01,
1936,1.76e+01,
1937,1.76e+01,
1938,1.76e+01,
1939,1.76e+01,
1940,1.68e+01,
1941,1.68e+01,
1942,1.68e+01,
1943,1.68e+01,
1944,1.68e+01,
1945,1.68e+01,
1946,1.68e+01,
1947,1.68e+01,
1948,1.68e+01,
1949,1.68e+01,
1950,1.68e+01,
1951,1.68e+01,
1952,1.68e+01,
1953,1.68e+01,
1954,1.68e+01,
1955,1.68e+01,
1956,1.60e+01,
1957,1.60e+01,
1958,1.60e+01,
1959,1.60e+01,
1960,1.60e+01,
1961,1.60e+01,
1962,1.60e+01,
1963,1.60e+01,
1964,1.60e+01,
1965,1.60e+01,
1966,1.60e+01,
1967,1.60e+01,
1968,1.52e+01,
1969,1.52e+01,
1970,1.52e+01,
1971,1.52e+01,
1972,1.52e+01,
1973,1.52e+01,
1974,1.52e+01,
1975,1.52e+01,
1976,1.52e+01,
1977,1.52e+01,
1978,1.52e+01,
1979,1.52e+01,
1980,1.44e+01,
1981,1.52e+01,
1982,1.44e+01,
1983,1.44e+01,
1984,1.44e+01,
1985,1.44e+01,
1986,1.44e+01,
1987,1.44e+01,
1988,1.44e+01,
1989,1.44e+01,
1990,1.44e+01,
1991,1.44e+01,
1992,1.36e+01,
1993,1.44e+01,
1994,1.44e+01,
1995,1.44e+01,
1996,1.36e+01,
1997,1.36e+01,
1998,1.36e+01,
1999,1.44e+01,
2000,1.36e+01,
2001,1.36e+01,
2002,1.36e+01,
2003,1.36e+01,
2004,1.36e+01,
2005,1.36e+01,
2006,1.36e+01,
2007,1.36e+01,
2008,1.36e+01,
2009,1.36e+01,
2010,1.36e+01,
2011,1.36e+01,
2012,1.28e+01,
2013,1.36e+01,
2014,1.28e+01,
2015,1.36e+01,
2016,1.28e+01,
2017,1.28e+01,
2018,1.28e+01,
2019,1.28e+01,
2020,1.28e+01,
2021,1.28e+01,
2022,1.28e+01,
2023,1.28e+01,
2024,1.28e+01,
2025,1.28e+01,
2026,1.28e+01,
2027,1.28e+01,
2028,1.20e+01,
2029,1.28e+01,
2030,1.20e+01,
2031,1.28e+01,
2032,1.20e+01,
2033,1.28e+01,
2034,1.20e+01,
2035,1.20e+01,
2036,1.20e+01,
2037,1.20e+01,
2038,1.20e+01,
2039,1.20e+01,
2040,1.20e+01,
2041,1.20e+01,
2042,1.20e+01,
2043,1.20e+01,
2044,1.20e+01,
2045,1.20e+01,
2046,1.20e+01,
2047,1.20e+01,
2048,1.20e+01,
2049,1.20e+01,
2050,1.20e+01,
2051,1.20e+01,
2052,1.12e+01,
2053,1.20e+01,
2054,1.12e+01,
2055,1.20e+01,
2056,1.12e+01,
2057,1.20e+01,
2058,1.12e+01,
2059,1.12e+01,
2060,1.12e+01,
2061,1.12e+01,
2062,1.12e+01,
2063,1.12e+01,
2064,1.12e+01,
2065,1.12e+01,
2066,1.12e+01,
2067,1.12e+01,
2068,1.12e+01,
2069,1.12e+01,
2070,1.12e+01,
2071,1.12e+01,
2072,1.12e+01,
2073,1.12e+01,
2074,1.12e+01,
2075,1.12e+01,
2076,1.04e+01,
2077,1.12e+01,
2078,1.12e+01,
2079,1.12e+01,
2080,1.04e+01,
2081,1.12e+01,
2082,1.12e+01,
2083,1.12e+01,
2084,1.04e+01,
2085,1.12e+01,
2086,1.04e+01,
2087,1.04e+01,
2088,1.04e+01,
2089,1.12e+01,
2090,1.12e+01,
2091,1.12e+01,
2092,1.04e+01,
2093,1.04e+01,
2094,1.04e+01,
2095,1.04e+01,
2096,1.04e+01,
2097,1.04e+01,
2098,1.04e+01,
2099,1.04e+01,
2100,1.04e+01,
2101,1.04e+01,
2102,1.04e+01,
2103,1.04e+01,
2104,1.04e+01,
2105,1.04e+01,
2106,1.04e+01,
2107,1.04e+01,
2108,1.04e+01,
2109,1.04e+01,
2110,1.04e+01,
2111,1.04e+01,
2112,1.04e+01,
2113,1.04e+01,
2114,1.04e+01,
2115,1.04e+01,
2116,9.60e+00,
2117,1.04e+01,
2118,1.04e+01,
2119,1.04e+01,
2120,1.04e+01,
2121,1.04e+01,
2122,1.04e+01,
2123,1.04e+01,
2124,9.60e+00,
2125,1.04e+01,
2126,1.04e+01,
2127,1.04e+01,
2128,9.60e+00,
2129,1.04e+01,
2130,1.04e+01,
2131,1.04e+01,
2132,9.60e+00,
2133,1.04e+01,
2134,1.04e+01,
2135,1.04e+01,
2136,9.60e+00,
2137,1.04e+01,
2138,1.04e+01,
2139,1.04e+01,
2140,9.60e+00,
2141,1.04e+01,
2142,1.04e+01,
2143,1.04e+01,
2144,9.60e+00,
2145,1.04e+01,
2146,1.04e+01,
2147,1.04e+01,
2148,9.60e+00,
2149,1.04e+01,
2150,9.60e+00,
2151,1.04e+01,
2152,9.60e+00,
2153,1.04e+01,
2154,1.04e+01,
2155,1.04e+01,
2156,9.60e+00,
2157,1.04e+01,
2158,9.60e+00,
2159,1.04e+01,
2160,9.60e+00,
2161,1.04e+01,
2162,1.04e+01,
2163,1.04e+01,
2164,9.60e+00,
2165,1.04e+01,
2166,9.60e+00,
2167,1.04e+01,
2168,9.60e+00,
2169,1.04e+01,
2170,1.04e+01,
2171,1.04e+01,
2172,9.60e+00,
2173,1.04e+01,
2174,1.04e+01,
2175,1.04e+01,
2176,1.04e+01,
2177,1.04e+01,
2178,1.04e+01,
2179,1.04e+01,
2180,9.60e+00,
2181,1.04e+01,
2182,1.04e+01,
2183,1.04e+01,
2184,1.04e+01,
2185,1.04e+01,
2186,1.04e+01,
2187,1.04e+01,
2188,9.60e+00,
2189,1.04e+01,
2190,1.04e+01,
2191,1.04e+01,
2192,1.04e+01,
2193,1.04e+01,
2194,1.04e+01,
2195,1.04e+01,
2196,1.04e+01,
2197,1.04e+01,
2198,1.04e+01,
2199,1.04e+01,
2200,1.04e+01,
2201,1.04e+01,
2202,1.04e+01,
2203,1.04e+01,
2204,1.04e+01,
2205,1.04e+01,
2206,1.04e+01,
2207,1.04e+01,
2208,1.04e+01,
2209,1.04e+01,
2210,1.04e+01,
2211,1.12e+01,
2212,1.04e+01,
2213,1.12e+01,
2214,1.04e+01,
2215,1.04e+01,
2216,1.04e+01,
2217,1.04e+01,
2218,1.12e+01,
2219,1.12e+01,
2220,1.04e+01,
2221,1.12e+01,
2222,1.12e+01,
2223,1.12e+01,
2224,1.12e+01,
2225,1.12e+01,
2226,1.12e+01,
2227,1.12e+01,
2228,1.04e+01,
2229,1.12e+01,
2230,1.12e+01,
2231,1.12e+01,
2232,1.12e+01,
2233,1.12e+01,
2234,1.12e+01,
2235,1.12e+01,
2236,1.12e+01,
2237,1.12e+01,
2238,1.12e+01,
2239,1.12e+01,
2240,1.12e+01,
2241,1.12e+01,
2242,1.12e+01,
2243,1.12e+01,
2244,1.12e+01,
2245,1.12e+01,
2246,1.12e+01,
2247,1.12e+01,
2248,1.12e+01,
2249,1.20e+01,
2250,1.20e+01,
2251,1.20e+01,
2252,1.12e+01,
2253,1.20e+01,
2254,1.20e+01,
2255,1.20e+01,
2256,1.12e+01,
2257,1.20e+01,
2258,1.20e+01,
2259,1.20e+01,
2260,1.20e+01,
2261,1.20e+01,
2262,1.20e+01,
2263,1.20e+01,
2264,1.20e+01,
2265,1.20e+01,
2266,1.20e+01,
2267,1.20e+01,
2268,1.20e+01,
2269,1.20e+01,
2270,1.20e+01,
2271,1.20e+01,
2272,1.20e+01,
2273,1.28e+01,
2274,1.28e+01,
2275,1.28e+01,
2276,1.20e+01,
2277,1.28e+01,
2278,1.28e+01,
2279,1.28e+01,
2280,1.28e+01,
2281,1.28e+01,
2282,1.28e+01,
2283,1.28e+01,
2284,1.28e+01,
2285,1.28e+01,
2286,1.28e+01,
2287,1.28e+01,
2288,1.28e+01,
2289,1.28e+01,
2290,1.28e+01,
2291,1.28e+01,
2292,1.28e+01,
2293,1.36e+01,
2294,1.28e+01,
2295,1.36e+01,
2296,1.28e+01,
2297,1.36e+01,
2298,1.36e+01,
2299,1.36e+01,
2300,1.36e+01,
2301,1.36e+01,
2302,1.36e+01,
2303,1.36e+01,
2304,1.36e+01,
2305,1.36e+01,
2306,1.36e+01,
2307,1.36e+01,
2308,1.36e+01,
2309,1.36e+01,
2310,1.36e+01,
2311,1.36e+01,
2312,1.36e+01,
2313,1.44e+01,
2314,1.44e+01,
2315,1.44e+01,
2316,1.36e+01,
2317,1.44e+01,
2318,1.44e+01,
2319,1.44e+01,
2320,1.44e+01,
2321,1.44e+01,
2322,1.44e+01,
2323,1.44e+01,
2324,1.44e+01,
2325,1.52e+01,
2326,1.44e+01,
2327,1.52e+01,
2328,1.52e+01,
2329,1.52e+01,
2330,1.52e+01,
2331,1.52e+01,
2332,1.52e+01,
2333,1.52e+01,
2334,1.52e+01,
2335,1.52e+01,
2336,1.52e+01,
2337,1.52e+01,
2338,1.52e+01,
2339,1.52e+01,
2340,1.52e+01,
2341,1.60e+01,
2342,1.60e+01,
2343,1.60e+01,
2344,1.60e+01,
2345,1.60e+01,
2346,1.60e+01,
2347,1.60e+01,
2348,1.60e+01,
2349,1.60e+01,
2350,1.60e+01,
2351,1.60e+01,
2352,1.60e+01,
2353,1.60e+01,
2354,1.60e+01,
2355,1.68e+01,
2356,1.60e+01,
2357,1.68e+01,
2358,1.68e+01,
2359,1.68e+01,
2360,1.68e+01,
2361,1.68e+01,
2362,1.68e+01,
2363,1.68e+01,
2364,1.68e+01,
2365,1.68e+01,
2366,1.68e+01,
2367,1.76e+01,
2368,1.68e+01,
2369,1.76e+01,
2370,1.76e+01,
2371,1.76e+01,
2372,1.76e+01,
2373,1.76e+01,
2374,1.76e+01,
2375,1.76e+01,
2376,1.76e+01,
2377,1.76e+01,
2378,1.76e+01,
2379,1.76e+01,
2380,1.76e+01,
2381,1.76e+01,
2382,1.76e+01,
2383,1.84e+01,
2384,1.84e+01,
2385,1.84e+01,
2386,1.84e+01,
2387,1.84e+01,
2388,1.84e+01,
2389,1.84e+01,
2390,1.84e+01,
2391,1.84e+01,
2392,1.84e+01,
2393,1.92e+01,
2394,1.92e+01,
2395,1.92e+01,
2396,1.84e+01,
2397,1.92e+01,
2398,1.92e+01,
2399,1.92e+01,
2400,1.92e+01,
2401,1.92e+01,
2402,1.92e+01,
2403,1.92e+01,
2404,1.92e+01,
2405,1.92e+01,
2406,1.92e+01,
2407,2.00e+01,
2408,1.92e+01,
2409,2.00e+01,
2410,2.00e+01,
2411,2.00e+01,
2412,2.00e+01,
2413,2.00e+01,
2414,2.00e+01,
2415,2.00e+01,
2416,2.00e+01,
2417,2.00e+01,
2418,2.00e+01,
2419,2.08e+01,
2420,2.00e+01,
2421,2.08e+01,
2422,2.08e+01,
2423,2.08e+01,
2424,2.08e+01,
2425,2.08e+01,
2426,2.08e+01,
2427,2.08e+01,
2428,2.08e+01,
2429,2.08e+01,
2430,2.08e+01,
2431,2.08e+01,
2432,2.08e+01,
2433,2.16e+01,
2434,2.16e+01,
2435,2.16e+01,
2436,2.16e+01,
2437,2.16e+01,
2438,2.16e+01,
2439,2.16e+01,
2440,2.16e+01,
2441,2.16e+01,
2442,2.16e+01,
2443,2.16e+01,
2444,2.16e+01,
2445,2.16e+01,
2446,2.16e+01,
2447,2.24e+01,
2448,2.24e+01,
2449,2.24e+01,
2450,2.24e+01,
2451,2.24e+01,
2452,2.24e+01,
2453,2.24e+01,
2454,2.24e+01,
2455,2.24e+01,
2456,2.24e+01,
2457,2.24e+01,
2458,2.24e+01,
2459,2.32e+01,
2460,2.24e+01,
2461,2.32e+01,
2462,2.32e+01,
2463,2.32e+01,
2464,2.32e+01,
2465,2.32e+01,
2466,2.32e+01,
2467,2.32e+01,
2468,2.32e+01,
2469,2.32e+01,
2470,2.32e+01,
2471,2.32e+01,
2472,2.32e+01,
2473,2.40e+01,
2474,2.40e+01,
2475,2.40e+01,
2476,2.40e+01,
2477,2.40e+01,
2478,2.40e+01,
2479,2.40e+01,
2480,2.40e+01,
2481,2.40e+01,
2482,2.40e+01,
2483,2.40e+01,
2484,2.40e+01,
2485,2.40e+01,
2486,2.40e+01,
2487,2.40e+01,
2488,2.40e+01,
2489,2.40e+01,
2490,2.40e+01,
2491,2.48e+01,
2492,2.40e+01,
2493,2.48e+01,
2494,2.48e+01,
2495,2.48e+01,
2496,2.48e+01,
2497,2.48e+01,
2498,2.48e+01,
2499,2.48e+01,
2500,2.48e+01,
2501,2.48e+01,
2502,2.48e+01,
2503,2.48e+01,
2504,2.48e+01,
2505,2.48e+01,
2506,2.48e+01,
2507,2.48e+01,
2508,2.48e+01,
2509,2.48e+01,
2510,2.48e+01,
2511,2.56e+01,
2512,2.48e+01,
2513,2.56e+01,
2514,2.56e+01,
2515,2.56e+01,
2516,2.48e+01,
2517,2.56e+01,
2518,2.56e+01,
2519,2.56e+01,
2520,2.56e+01,
2521,2.56e+01,
2522,2.56e+01,
2523,2.56e+01,
2524,2.56e+01,
2525,2.56e+01,
2526,2.56e+01,
2527,2.56e+01,
2528,2.56e+01,
2529,2.56e+01,
2530,2.56e+01,
2531,2.56e+01,
2532,2.56e+01,
2533,2.56e+01,
2534,2.56e+01,
2535,2.56e+01,
2536,2.56e+01,
2537,2.64e+01,
2538,2.56e+01,
2539,2.56e+01,
2540,2.56e+01,
2541,2.64e+01,
2542,2.64e+01,
2543,2.64e+01,
2544,2.64e+01,
2545,2.64e+01,
2546,2.64e+01,
2547,2.64e+01,
2548,2.64e+01,
2549,2.64e+01,
2550,2.64e+01,
2551,2.64e+01,
2552,2.64e+01,
2553,2.64e+01,
2554,2.64e+01,
2555,2.64e+01,
2556,2.64e+01,
2557,2.64e+01,
2558,2.64e+01,
2559,2.64e+01,
2560,2.64e+01,
2561,2.64e+01,
2562,2.64e+01,
2563,2.64e+01,
2564,2.64e+01,
2565,2.64e+01,
2566,2.64e+01,
2567,2.64e+01,
2568,2.64e+01,
2569,2.64e+01,
2570,2.64e+01,
2571,2.64e+01,
2572,2.64e+01,
2573,2.64e+01,
2574,2.64e+01,
2575,2.64e+01,
2576,2.64e+01,
2577,2.64e+01,
2578,2.64e+01,
2579,2.64e+01,
2580,2.64e+01,
2581,2.64e+01,
2582,2.64e+01,
2583,2.64e+01,
2584,2.64e+01,
2585,2.64e+01,
2586,2.64e+01,
2587,2.64e+01,
2588,2.64e+01,
2589,2.64e+01,
2590,2.64e+01,
2591,2.64e+01,
2592,2.64e+01,
2593,2.64e+01,
2594,2.64e+01,
2595,2.64e+01,
2596,2.64e+01,
2597,2.64e+01,
2598,2.64e+01,
2599,2.64e+01,
2600,2.64e+01,
2601,2.64e+01,
2602,2.64e+01,
2603,2.64e+01,
2604,2.64e+01,
2605,2.64e+01,
2606,2.64e+01,
2607,2.64e+01,
2608,2.64e+01,
2609,2.64e+01,
2610,2.64e+01,
2611,2.64e+01,
2612,2.64e+01,
2613,2.64e+01,
2614,2.64e+01,
2615,2.64e+01,
2616,2.64e+01,
2617,2.64e+01,
2618,2.64e+01,
2619,2.64e+01,
2620,2.64e+01,
2621,2.64e+01,
2622,2.64e+01,
2623,2.64e+01,
2624,2.64e+01,
2625,2.64e+01,
2626,2.64e+01,
2627,2.64e+01,
2628,2.56e+01,
2629,2.56e+01,
2630,2.56e+01,
2631,2.56e+01,
2632,2.56e+01,
2633,2.64e+01,
2634,2.56e+01,
2635,2.56e+01,
2636,2.56e+01,
2637,2.56e+01,
2638,2.56e+01,
2639,2.56e+01,
2640,2.56e+01,
2641,2.56e+01,
2642,2.56e+01,
2643,2.56e+01,
2644,2.56e+01,
2645,2.56e+01,
2646,2.56e+01,
2647,2.56e+01,
2648,2.56e+01,
2649,2.56e+01,
2650,2.56e+01,
2651,2.56e+01,
2652,2.56e+01,
2653,2.56e+01,
2654,2.56e+01,
2655,2.56e+01,
2656,2.48e+01,
2657,2.56e+01,
2658,2.56e+01,
2659,2.48e+01,
2660,2.48e+01,
2661,2.48e+01,
2662,2.48e+01,
2663,2.48e+01,
2664,2.48e+01,
2665,2.48e+01,
2666,2.48e+01,
2667,2.48e+01,
2668,2.48e+01,
2669,2.48e+01,
2670,2.48e+01,
2671,2.48e+01,
2672,2.48e+01,
2673,2.48e+01,
2674,2.48e+01,
2675,2.48e+01,
2676,2.40e+01,
2677,2.48e+01,
2678,2.48e+01,
2679,2.40e+01,
2680,2.40e+01,
2681,2.40e+01,
2682,2.40e+01,
2683,2.40e+01,
2684,2.40e+01,
2685,2.40e+01,
2686,2.40e+01,
2687,2.40e+01,
2688,2.40e+01,
2689,2.40e+01,
2690,2.40e+01,
2691,2.40e+01,
2692,2.32e+01,
2693,2.40e+01,
2694,2.40e+01,
2695,2.32e+01,
2696,2.32e+01,
2697,2.40e+01,
2698,2.32e+01,
2699,2.32e+01,
2700,2.32e+01,
2701,2.32e+01,
2702,2.32e+01,
2703,2.32e+01,
2704,2.32e+01,
2705,2.32e+01,
2706,2.32e+01,
2707,2.32e+01,
2708,2.32e+01,
2709,2.32e+01,
2710,2.32e+01,
2711,2.32e+01,
2712,2.24e+01,
2713,2.24e+01,
2714,2.24e+01,
2715,2.24e+01,
2716,2.24e+01,
2717,2.24e+01,
2718,2.24e+01,
2719,2.24e+01,
2720,2.24e+01,
2721,2.24e+01,
2722,2.24e+01,
2723,2.24e+01,
2724,2.16e+01,
2725,2.16e+01,
2726,2.16e+01,
2727,2.16e+01,
2728,2.16e+01,
2729,2.16e+01,
2730,2.16e+01,
2731,2.16e+01,
2732,2.16e+01,
2733,2.16e+01,
2734,2.16e+01,
2735,2.16e+01,
2736,2.16e+01,
2737,2.16e+01,
2738,2.16e+01,
2739,2.16e+01,
2740,2.08e+01,
2741,2.08e+01,
2742,2.08e+01,
2743,2.08e+01,
2744,2.08e+01,
2745,2.08e+01,
2746,2.08e+01,
2747,2.08e+01,
2748,2.08e+01,
2749,2.08e+01,
2750,2.08e+01,
2751,2.08e+01,
2752,2.00e+01,
2753,2.08e+01,
2754,2.00e+01,
2755,2.00e+01,
2756,2.00e+01,
2757,2.00e+01,
2758,2.00e+01,
2759,2.00e+01,
2760,2.00e+01,
2761,2.00e+01,
2762,2.00e+01,
2763,2.00e+01,
2764,1.92e+01,
2765,2.00e+01,
2766,1.92e+01,
2767,1.92e+01,
2768,1.92e+01,
2769,1.92e+01,
2770,1.92e+01,
2771,1.92e+01,
2772,1.92e+01,
2773,1.92e+01,
2774,1.92e+01,
2775,1.92e+01,
2776,1.92e+01,
2777,1.92e+01,
2778,1.92e+01,
2779,1.92e+01,
2780,1.84e+01,
2781,1.84e+01,
2782,1.84e+01,
2783,1.84e+01,
2784,1.84e+01,
2785,1.84e+01,
2786,1.84e+01,
2787,1.84e+01,
2788,1.84e+01,
2789,1.84e+01,
2790,1.84e+01,
2791,1.84e+01,
2792,1.76e+01,
2793,1.84e+01,
2794,1.84e+01,
2795,1.76e+01,
2796,1.76e+01,
2797,1.76e+01,
2798,1.76e+01,
2799,1.76e+01,
2800,1.76e+01,
2801,1.76e+01,
2802,1.76e+01,
2803,1.76e+01,
2804,1.68e+01,
2805,1.76e+01,
2806,1.68e+01,
2807,1.68e+01,
2808,1.68e+01,
2809,1.68e+01,
2810,1.68e+01,
2811,1.68e+01,
2812,1.68e+01,
2813,1.68e+01,
2814,1.68e+01,
2815,1.68e+01,
2816,1.68e+01,
2817,1.68e+01,
2818,1.68e+01,
2819,1.68e+01,
2820,1.60e+01,
2821,1.68e+01,
2822,1.60e+01,
2823,1.60e+01,
2824,1.60e+01,
2825,1.60e+01,
2826,1.60e+01,
2827,1.60e+01,
2828,1.60e+01,
2829,1.60e+01,
2830,1.60e+01,
2831,1.60e+01,
2832,1.60e+01,
2833,1.60e+01,
2834,1.60e+01,
2835,1.60e+01,
2836,1.52e+01,
2837,1.52e+01,
2838,1.60e+01,
2839,1.52e+01,
2840,1.52e+01,
2841,1.52e+01,
2842,1.52e+01,
2843,1.52e+01,
2844,1.52e+01,
2845,1.52e+01,
2846,1.52e+01,
2847,1.52e+01,
2848,1.52e+01,
2849,1.52e+01,
2850,1.52e+01,
2851,1.52e+01,
2852,1.44e+01,
2853,1.52e+01,
2854,1.44e+01,
2855,1.44e+01,
2856,1.44e+01,
2857,1.44e+01,
2858,1.44e+01,
2859,1.44e+01,
2860,1.44e+01,
2861,1.44e+01,
2862,1.44e+01,
2863,1.44e+01,
2864,1.44e+01,
2865,1.44e+01,
2866,1.44e+01,
2867,1.44e+01,
2868,1.36e+01,
2869,1.44e+01,
2870,1.36e+01,
2871,1.36e+01,
2872,1.36e+01,
2873,1.36e+01,
2874,1.36e+01,
2875,1.36e+01,
2876,1.36e+01,
2877,1.36e+01,
2878,1.36e+01,
2879,1.36e+01,
2880,1.36e+01,
2881,1.36e+01,
2882,1.36e+01,
2883,1.36e+01,
2884,1.28e+01,
2885,1.36e+01,
2886,1.36e+01,
2887,1.36e+01,
2888,1.36e+01,
2889,1.36e+01,
2890,1.36e+01,
2891,1.36e+01,
2892,1.28e+01,
2893,1.28e+01,
2894,1.28e+01,
2895,1.28e+01,
2896,1.28e+01,
2897,1.28e+01,
2898,1.28e+01,
2899,1.28e+01,
2900,1.28e+01,
2901,1.28e+01,
2902,1.28e+01,
2903,1.28e+01,
2904,1.28e+01,
2905,1.28e+01,
2906,1.28e+01,
2907,1.28e+01,
2908,1.20e+01,
2909,1.28e+01,
2910,1.28e+01,
2911,1.28e+01,
2912,1.20e+01,
2913,1.28e+01,
2914,1.28e+01,
2915,1.28e+01,
2916,1.20e+01,
2917,1.20e+01,
2918,1.20e+01,
2919,1.20e+01,
2920,1.20e+01,
2921,1.20e+01,
2922,1.20e+01,
2923,1.20e+01,
2924,1.20e+01,
2925,1.20e+01,
2926,1.20e+01,
2927,1.20e+01,
2928,1.20e+01,
2929,1.20e+01,
2930,1.20e+01,
2931,1.20e+01,
2932,1.20e+01,
2933,1.20e+01,
2934,1.20e+01,
2935,1.20e+01,
2936,1.20e+01,
2937,1.20e+01,
2938,1.20e+01,
2939,1.20e+01,
2940,1.12e+01,
2941,1.20e+01,
2942,1.20e+01,
2943,1.20e+01,
2944,1.12e+01,
2945,1.20e+01,
2946,1.20e+01,
2947,1.12e+01,
2948,1.12e+01,
2949,1.20e+01,
2950,1.12e+01,
2951,1.12e+01,
2952,1.12e+01,
2953,1.20e+01,
2954,1.12e+01,
2955,1.12e+01,
2956,1.12e+01,
2957,1.12e+01,
2958,1.12e+01,
2959,1.12e+01,
2960,1.12e+01,
2961,1.12e+01,
2962,1.12e+01,
2963,1.12e+01,
2964,1.12e+01,
2965,1.12e+01,
2966,1.12e+01,
2967,1.12e+01,
2968,1.12e+01,
2969,1.12e+01,
2970,1.12e+01,
2971,1.12e+01,
2972,1.12e+01,
2973,1.12e+01,
2974,1.12e+01,
2975,1.12e+01,
2976,1.12e+01,
2977,1.12e+01,
2978,1.12e+01,
2979,1.12e+01,
2980,1.04e+01,
2981,1.12e+01,
2982,1.12e+01,
2983,1.12e+01,
2984,1.12e+01,
2985,1.12e+01,
2986,1.12e+01,
2987,1.12e+01,
2988,1.12e+01,
2989,1.12e+01,
2990,1.12e+01,
2991,1.12e+01,
2992,1.12e+01,
2993,1.12e+01,
2994,1.12e+01,
2995,1.12e+01,
2996,1.04e+01,
2997,1.12e+01,
2998,1.12e+01,
2999,1.12e+01,
3000,1.04e+01,
3001,1.12e+01,
3002,1.12e+01,
3003,1.12e+01,
3004,1.04e+01,
3005,1.12e+01,
3006,1.12e+01,
3007,1.12e+01,
3008,1.12e+01,
3009,1.12e+01,
3010,1.12e+01,
3011,1.12e+01,
3012,1.04e+01,
3013,1.12e+01,
3014,1.12e+01,
3015,1.12e+01,
3016,1.04e+01,
3017,1.12e+01,
3018,1.12e+01,
3019,1.12e+01,
3020,1.04e+01,
3021,1.12e+01,
3022,1.12e+01,
3023,1.12e+01,
3024,1.04e+01,
3025,1.12e+01,
3026,1.12e+01,
3027,1.12e+01,
3028,1.04e+01,
3029,1.12e+01,
3030,1.12e+01,
3031,1.12e+01,
3032,1.12e+01,
3033,1.12e+01,
3034,1.12e+01,
3035,1.12e+01,
3036,1.04e+01,
3037,1.12e+01,
3038,1.12e+01,
3039,1.12e+01,
3040,1.12e+01,
3041,1.12e+01,
3042,1.12e+01,
3043,1.12e+01,
3044,1.04e+01,
3045,1.12e+01,
3046,1.12e+01,
3047,1.12e+01,
3048,1.12e+01,
3049,1.12e+01,
3050,1.12e+01,
3051,1.12e+01,
3052,1.12e+01,
3053,1.12e+01,
3054,1.12e+01,
3055,1.12e+01,
3056,1.12e+01,
3057,1.12e+01,
3058,1.12e+01,
3059,1.12e+01,
3060,1.12e+01,
3061,1.12e+01,
3062,1.12e+01,
3063,1.12e+01,
3064,1.12e+01,
3065,1.12e+01,
3066,1.12e+01,
3067,1.12e+01,
3068,1.12e+01,
3069,1.12e+01,
3070,1.12e+01,
3071,1.12e+01,
3072,1.12e+01,
3073,1.12e+01,
3074,1.12e+01,
3075,1.12e+01,
3076,1.12e+01,
3077,1.12e+01,
3078,1.12e+01,
3079,1.12e+01,
3080,1.12e+01,
3081,1.20e+01,
3082,1.12e+01,
3083,1.20e+01,
3084,1.12e+01,
3085,1.20e+01,
3086,1.12e+01,
3087,1.20e+01,
3088,1.12e+01,
3089,1.20e+01,
3090,1.20e+01,
3091,1.20e+01,
3092,1.12e+01,
3093,1.20e+01,
3094,1.20e+01,
3095,1.20e+01,
3096,1.12e+01,
3097,1.20e+01,
3098,1.20e+01,
3099,1.20e+01,
3100,1.20e+01,
3101,1.20e+01,
3102,1.20e+01,
3103,1.20e+01,
3104,1.20e+01,
3105,1.20e+01,
3106,1.20e+01,
3107,1.20e+01,
3108,1.20e+01,
3109,1.20e+01,
3110,1.20e+01,
3111,1.20e+01,
3112,1.20e+01,
3113,1.28e+01,
3114,1.20e+01,
3115,1.20e+01,
3116,1.20e+01,
3117,1.28e+01,
3118,1.20e+01,
3119,1.28e+01,
3120,1.20e+01,
3121,1.28e+01,
3122,1.28e+01,
3123,1.28e+01,
3124,1.20e+01,
3125,1.28e+01,
3126,1.28e+01,
3127,1.28e+01,
3128,1.28e+01,
3129,1.28e+01,
3130,1.28e+01,
3131,1.28e+01,
3132,1.28e+01,
3133,1.28e+01,
3134,1.28e+01,
3135,1.28e+01,
3136,1.28e+01,
3137,1.28e+01,
3138,1.28e+01,
3139,1.28e+01,
3140,1.28e+01,
3141,1.28e+01,
3142,1.28e+01,
3143,1.28e+01,
3144,1.28e+01,
3145,1.36e+01,
3146,1.36e+01,
3147,1.36e+01,
3148,1.28e+01,
3149,1.36e+01,
3150,1.36e+01,
3151,1.36e+01,
3152,1.36e+01,
3153,1.36e+01,
3154,1.36e+01,
3155,1.36e+01,
3156,1.36e+01,
3157,1.36e+01,
3158,1.36e+01,
3159,1.36e+01,
3160,1.36e+01,
3161,1.36e+01,
3162,1.36e+01,
3163,1.44e+01,
3164,1.36e+01,
3165,1.44e+01,
3166,1.44e+01,
3167,1.44e+01,
3168,1.44e+01,
3169,1.44e+01,
3170,1.44e+01,
3171,1.44e+01,
3172,1.44e+01,
3173,1.44e+01,
3174,1.44e+01,
3175,1.44e+01,
3176,1.44e+01,
3177,1.44e+01,
3178,1.44e+01,
3179,1.44e+01,
3180,1.44e+01,
3181,1.44e+01,
3182,1.52e+01,
3183,1.52e+01,
3184,1.52e+01,
3185,1.52e+01,
3186,1.52e+01,
3187,1.52e+01,
3188,1.52e+01,
3189,1.52e+01,
3190,1.52e+01,
3191,1.52e+01,
3192,1.52e+01,
3193,1.52e+01,
3194,1.52e+01,
3195,1.52e+01,
3196,1.52e+01,
3197,1.52e+01,
3198,1.60e+01,
3199,1.60e+01,
3200,1.52e+01,
3201,1.60e+01,
3202,1.60e+01,
3203,1.60e+01,
3204,1.60e+01,
3205,1.60e+01,
3206,1.60e+01,
3207,1.60e+01,
3208,1.60e+01,
3209,1.60e+01,
3210,1.60e+01,
3211,1.60e+01,
3212,1.60e+01,
3213,1.68e+01,
3214,1.68e+01,
3215,1.68e+01,
3216,1.60e+01,
3217,1.68e+01,
3218,1.68e+01,
3219,1.68e+01,
3220,1.68e+01,
3221,1.68e+01,
3222,1.68e+01,
3223,1.68e+01,
3224,1.68e+01,
3225,1.68e+01,
3226,1.68e+01,
3227,1.68e+01,
3228,1.68e+01,
3229,1.68e+01,
3230,1.68e+01,
3231,1.76e+01,
3232,1.68e+01,
3233,1.76e+01,
3234,1.76e+01,
3235,1.76e+01,
3236,1.76e+01,
3237,1.76e+01,
3238,1.76e+01,
3239,1.76e+01,
3240,1.76e+01,
3241,1.76e+01,
3242,1.76e+01,
3243,1.84e+01,
3244,1.76e+01,
3245,1.84e+01,
3246,1.76e+01,
3247,1.84e+01,
3248,1.84e+01,
3249,1.84e+01,
3250,1.84e+01,
3251,1.84e+01,
3252,1.84e+01,
3253,1.84e+01,
3254,1.84e+01,
3255,1.84e+01,
3256,1.84e+01,
3257,1.92e+01,
3258,1.92e+01,
3259,1.84e+01,
3260,1.84e+01,
3261,1.92e+01,
3262,1.92e+01,
3263,1.92e+01,
3264,1.92e+01,
3265,1.92e+01,
3266,1.92e+01,
3267,1.92e+01,
3268,1.92e+01,
3269,1.92e+01,
3270,1.92e+01,
3271,1.92e+01,
3272,1.92e+01,
3273,1.92e+01,
3274,2.00e+01,
3275,2.00e+01,
3276,1.92e+01,
3277,2.00e+01,
3278,2.00e+01,
3279,2.00e+01,
3280,2.00e+01,
3281,2.00e+01,
3282,2.00e+01,
3283,2.00e+01,
3284,2.00e+01,
3285,2.00e+01,
3286,2.00e+01,
3287,2.00e+01,
3288,2.00e+01,
3289,2.08e+01,
3290,2.08e+01,
3291,2.08e+01,
3292,2.08e+01,
3293,2.08e+01,
3294,2.08e+01,
3295,2.08e+01,
3296,2.08e+01,
3297,2.08e+01,
3298,2.08e+01,
3299,2.08e+01,
3300,2.08e+01,
3301,2.08e+01,
3302,2.08e+01,
3303,2.08e+01,
3304,2.08e+01,
3305,2.16e+01,
3306,2.16e+01,
3307,2.16e+01,
3308,2.16e+01,
3309,2.16e+01,
3310,2.16e+01,
3311,2.16e+01,
3312,2.16e+01,
3313,2.16e+01,
3314,2.16e+01,
3315,2.16e+01,
3316,2.16e+01,
3317,2.16e+01,
3318,2.16e+01,
3319,2.16e+01,
3320,2.16e+01,
3321,2.24e+01,
3322,2.24e+01,
3323,2.24e+01,
3324,2.24e+01,
3325,2.24e+01,
3326,2.24e+01,
3327,2.24e+01,
3328,2.24e+01,
3329,2.24e+01,
3330,2.24e+01,
3331,2.24e+01,
3332,2.24e+01,
3333,2.24e+01,
3334,2.24e+01,
3335,2.24e+01,
3336,2.24e+01,
3337,2.32e+01,
3338,2.32e+01,
3339,2.32e+01,
3340,2.32e+01,
3341,2.32e+01,
3342,2.32e+01,
3343,2.32e+01,
3344,2.32e+01,
3345,2.32e+01,
3346,2.32e+01,
3347,2.32e+01,
3348,2.32e+01,
3349,2.32e+01,
3350,2.32e+01,
3351,2.32e+01,
3352,2.32e+01,
3353,2.32e+01,
3354,2.32e+01,
3355,2.32e+01,
3356,2.32e+01,
3357,2.40e+01,
3358,2.40e+01,
3359,2.40e+01,
3360,2.40e+01,
3361,2.40e+01,
3362,2.40e+01,
3363,2.40e+01,
3364,2.40e+01,
3365,2.40e+01,
3366,2.40e+01,
3367,2.40e+01,
3368,2.40e+01,
3369,2.40e+01,
3370,2.40e+01,
3371,2.40e+01,
3372,2.40e+01,
3373,2.40e+01,
3374,2.40e+01,
3375,2.40e+01,
3376,2.40e+01,
3377,2.40e+01,
3378,2.40e+01,
3379,2.40e+01,
3380,2.40e+01,
3381,2.48e+01,
3382,2.48e+01,
3383,2.48e+01,
3384,2.40e+01,
3385,2.48e+01,
3386,2.48e+01,
3387,2.48e+01,
3388,2.48e+01,
3389,2.48e+01,
3390,2.48e+01,
3391,2.48e+01,
3392,2.48e+01,
3393,2.48e+01,
3394,2.48e+01,
3395,2.48e+01,
3396,2.48e+01,
3397,2.48e+01,
3398,2.48e+01,
3399,2.48e+01,
3400,2.48e+01,
3401,2.48e+01,
3402,2.48e+01,
3403,2.48e+01,
3404,2.48e+01,
3405,2.48e+01,
3406,2.48e+01,
3407,2.48e+01,
3408,2.48e+01,
3409,2.48e+01,
3410,2.48e+01,
3411,2.48e+01,
3412,2.48e+01,
3413,2.48e+01,
3414,2.48e+01,
3415,2.48e+01,
3416,2.48e+01,
3417,2.56e+01,
3418,2.56e+01,
3419,2.56e+01,
3420,2.48e+01,
3421,2.56e+01,
3422,2.56e+01,
3423,2.56e+01,
3424,2.56e+01,
3425,2.56e+01,
3426,2.56e+01,
3427,2.56e+01,
3428,2.48e+01,
3429,2.56e+01,
3430,2.56e+01,
3431,2.56e+01,
3432,2.56e+01,
3433,2.56e+01,
3434,2.56e+01,
3435,2.56e+01,
3436,2.56e+01,
3437,2.56e+01,
3438,2.56e+01,
3439,2.56e+01,
3440,2.56e+01,
3441,2.56e+01,
3442,2.56e+01,
3443,2.56e+01,
3444,2.56e+01,
3445,2.56e+01,
3446,2.56e+01,
3447,2.56e+01,
3448,2.56e+01,
3449,2.56e+01,
3450,2.56e+01,
3451,2.56e+01,
3452,2.56e+01,
3453,2.56e+01,
3454,2.56e+01,
3455,2.56e+01,
3456,2.56e+01,
3457,2.56e+01,
3458,2.56e+01,
3459,2.56e+01,
3460,2.56e+01,
3461,2.56e+01,
3462,2.56e+01,
3463,2.56e+01,
3464,2.56e+01,
3465,2.56e+01,
3466,2.56e+01,
3467,2.56e+01,
3468,2.56e+01,
3469,2.56e+01,
3470,2.56e+01,
3471,2.56e+01,
3472,2.56e+01,
3473,2.56e+01,
3474,2.56e+01,
3475,2.56e+01,
3476,2.48e+01,
3477,2.56e+01,
3478,2.48e+01,
3479,2.48e+01,
3480,2.48e+01,
3481,2.48e+01,
3482,2.56e+01,
3483,2.48e+01,
3484,2.48e+01,
3485,2.48e+01,
3486,2.48e+01,
3487,2.48e+01,
3488,2.48e+01,
3489,2.48e+01,
3490,2.48e+01,
3491,2.48e+01,
3492,2.48e+01,
3493,2.48e+01,
3494,2.48e+01,
3495,2.48e+01,
3496,2.48e+01,
3497,2.48e+01,
3498,2.48e+01,
3499,2.48e+01,
3500,2.48e+01,
3501,2.48e+01,
3502,2.48e+01,
3503,2.48e+01,
3504,2.48e+01,
3505,2.48e+01,
3506,2.48e+01,
3507,2.48e+01,
3508,2.48e+01,
3509,2.48e+01,
3510,2.48e+01,
3511,2.48e+01,
3512,2.40e+01,
3513,2.48e+01,
3514,2.48e+01,
3515,2.48e+01,
3516,2.40e+01,
3517,2.40e+01,
3518,2.40e+01,
3519,2.40e+01,
3520,2.40e+01,
3521,2.40e+01,
3522,2.40e+01,
3523,2.40e+01,
3524,2.40e+01,
3525,2.40e+01,
3526,2.40e+01,
3527,2.40e+01,
3528,2.40e+01,
3529,2.40e+01,
3530,2.40e+01,
3531,2.40e+01,
3532,2.40e+01,
3533,2.40e+01,
3534,2.40e+01,
3535,2.40e+01,
3536,2.40e+01,
3537,2.40e+01,
3538,2.40e+01,
3539,2.40e+01,
3540,2.32e+01,
3541,2.32e+01,
3542,2.32e+01,
3543,2.32e+01,
3544,2.32e+01,
3545,2.32e+01,
3546,2.32e+01,
3547,2.32e+01,
3548,2.32e+01,
3549,2.32e+01,
3550,2.32e+01,
3551,2.32e+01,
3552,2.32e+01,
3553,2.32e+01,
3554,2.32e+01,
3555,2.32e+01,
3556,2.32e+01,
3557,2.32e+01,
3558,2.24e+01,
3559,2.24e+01,
3560,2.24e+01,
3561,2.24e+01,
3562,2.24e+01,
3563,2.24e+01,
3564,2.24e+01,
3565,2.24e+01,
3566,2.24e+01,
3567,2.24e+01,
3568,2.24e+01,
3569,2.24e+01,
3570,2.24e+01,
3571,2.24e+01,
3572,2.24e+01,
3573,2.24e+01,
3574,2.24e+01,
3575,2.16e+01,
3576,2.16e+01,
3577,2.24e+01,
3578,2.16e+01,
3579,2.16e+01,
3580,2.16e+01,
3581,2.16e+01,
3582,2.16e+01,
3583,2.16e+01,
3584,2.16e+01,
3585,2.16e+01,
3586,2.16e+01,
3587,2.16e+01,
3588,2.16e+01,
3589,2.16e+01,
3590,2.16e+01,
3591,2.08e+01,
3592,2.08e+01,
3593,2.16e+01,
3594,2.16e+01,
3595,2.08e+01,
3596,2.08e+01,
3597,2.08e+01,
3598,2.08e+01,
3599,2.08e+01,
3600,2.08e+01,
3601,2.08e+01,
3602,2.08e+01,
3603,2.08e+01,
3604,2.08e+01,
3605,2.08e+01,
3606,2.00e+01,
3607,2.08e+01,
3608,2.00e+01,
3609,2.08e+01,
3610,2.00e+01,
3611,2.00e+01,
3612,2.00e+01,
3613,2.00e+01,
3614,2.00e+01,
3615,2.00e+01,
3616,2.00e+01,
3617,2.00e+01,
3618,2.00e+01,
3619,2.00e+01,
3620,1.92e+01,
3621,2.00e+01,
3622,2.00e+01,
3623,2.00e+01,
3624,1.92e+01,
3625,2.00e+01,
3626,1.92e+01,
3627,1.92e+01,
3628,1.92e+01,
3629,1.92e+01,
3630,1.92e+01,
3631,1.92e+01,
3632,1.92e+01,
3633,1.92e+01,
3634,1.92e+01,
3635,1.92e+01,
3636,1.84e+01,
3637,1.92e+01,
3638,1.92e+01,
3639,1.92e+01,
3640,1.84e+01,
3641,1.84e+01,
3642,1.84e+01,
3643,1.84e+01,
3644,1.84e+01,
3645,1.84e+01,
3646,1.84e+01,
3647,1.84e+01,
3648,1.84e+01,
3649,1.84e+01,
3650,1.84e+01,
3651,1.84e+01,
3652,1.76e+01,
3653,1.84e+01,
3654,1.76e+01,
3655,1.76e+01,
3656,1.76e+01,
3657,1.76e+01,
3658,1.76e+01,
3659,1.76e+01,
3660,1.76e+01,
3661,1.76e+01,
3662,1.76e+01,
3663,1.76e+01,
3664,1.76e+01,
3665,1.76e+01,
3666,1.76e+01,
3667,1.76e+01,
3668,1.68e+01,
3669,1.76e+01,
3670,1.68e+01,
3671,1.76e+01,
3672,1.68e+01,
3673,1.68e+01,
3674,1.68e+01,
3675,1.68e+01,
3676,1.68e+01,
3677,1.68e+01,
3678,1.68e+01,
3679,1.68e+01,
3680,1.68e+01,
3681,1.68e+01,
3682,1.68e+01,
3683,1.68e+01,
3684,1.60e+01,
3685,1.68e+01,
3686,1.68e+01,
3687,1.60e+01,
3688,1.60e+01,
3689,1.60e+01,
3690,1.60e+01,
3691,1.60e+01,
3692,1.60e+01,
3693,1.60e+01,
3694,1.60e+01,
3695,1.60e+01,
3696,1.60e+01,
3697,1.60e+01,
3698,1.60e+01,
3699,1.60e+01,
3700,1.52e+01,
3701,1.60e+01,
3702,1.60e+01,
3703,1.60e+01,
3704,1.52e+01,
3705,1.60e+01,
3706,1.52e+01,
3707,1.60e+01,
3708,1.52e+01,
3709,1.52e+01,
3710,1.52e+01,
3711,1.52e+01,
3712,1.52e+01,
3713,1.52e+01,
3714,1.52e+01,
3715,1.52e+01,
3716,1.52e+01,
3717,1.52e+01,
3718,1.52e+01,
3719,1.52e+01,
3720,1.52e+01,
3721,1.52e+01,
3722,1.52e+01,
3723,1.52e+01,
3724,1.44e+01,
3725,1.44e+01,
3726,1.44e+01,
3727,1.52e+01,
3728,1.44e+01,
3729,1.44e+01,
3730,1.44e+01,
3731,1.44e+01,
3732,1.44e+01,
3733,1.44e+01,
3734,1.44e+01,
3735,1.44e+01,
3736,1.44e+01,
3737,1.44e+01,
3738,1.44e+01,
3739,1.44e+01,
3740,1.36e+01,
3741,1.44e+01,
3742,1.36e+01,
3743,1.44e+01,
3744,1.36e+01,
3745,1.44e+01,
3746,1.44e+01,
3747,1.36e+01,
3748,1.36e+01,
3749,1.36e+01,
3750,1.36e+01,
3751,1.36e+01,
3752,1.36e+01,
3753,1.36e+01,
3754,1.36e+01,
3755,1.36e+01,
3756,1.36e+01,
3757,1.36e+01,
3758,1.36e+01,
3759,1.36e+01,
3760,1.36e+01,
3761,1.36e+01,
3762,1.36e+01,
3763,1.36e+01,
3764,1.28e+01,
3765,1.36e+01,
3766,1.28e+01,
3767,1.36e+01,
3768,1.28e+01,
3769,1.36e+01,
3770,1.28e+01,
3771,1.28e+01,
3772,1.28e+01,
3773,1.28e+01,
3774,1.28e+01,
3775,1.28e+01,
3776,1.28e+01,
3777,1.28e+01,
3778,1.28e+01,
3779,1.28e+01,
3780,1.28e+01,
3781,1.28e+01,
3782,1.28e+01,
3783,1.28e+01,
3784,1.28e+01,
3785,1.28e+01,
3786,1.28e+01,
3787,1.28e+01,
3788,1.28e+01,
3789,1.28e+01,
3790,1.28e+01,
3791,1.28e+01,
3792,1.28e+01,
3793,1.28e+01,
3794,1.28e+01,
3795,1.28e+01,
3796,1.20e+01,
3797,1.28e+01,
3798,1.20e+01,
3799,1.28e+01,
3800,1.20e+01,
3801,1.28e+01,
3802,1.28e+01,
3803,1.28e+01,
3804,1.20e+01,
3805,1.28e+01,
3806,1.20e+01,
3807,1.20e+01,
3808,1.20e+01,
3809,1.20e+01,
3810,1.20e+01,
3811,1.20e+01,
3812,1.20e+01,
3813,1.20e+01,
3814,1.20e+01,
3815,1.20e+01,
3816,1.20e+01,
3817,1.20e+01,
3818,1.20e+01,
3819,1.20e+01,
3820,1.20e+01,
3821,1.20e+01,
3822,1.20e+01,
3823,1.20e+01,
3824,1.20e+01,
3825,1.20e+01,
3826,1.20e+01,
3827,1.20e+01,
3828,1.20e+01,
3829,1.20e+01,
3830,1.20e+01,
3831,1.20e+01,
3832,1.20e+01,
3833,1.20e+01,
3834,1.20e+01,
3835,1.20e+01,
3836,1.12e+01,
3837,1.20e+01,
3838,1.20e+01,
3839,1.20e+01,
3840,1.20e+01,
3841,1.20e+01,
3842,1.20e+01,
3843,1.20e+01,
3844,1.12e+01,
3845,1.20e+01,
3846,1.20e+01,
3847,1.20e+01,
3848,1.20e+01,
3849,1.20e+01,
3850,1.20e+01,
3851,1.20e+01,
3852,1.12e+01,
3853,1.20e+01,
3854,1.20e+01,
3855,1.20e+01,
3856,1.12e+01,
3857,1.20e+01,
3858,1.20e+01,
3859,1.20e+01,
3860,1.12e+01,
3861,1.20e+01,
3862,1.20e+01,
3863,1.20e+01,
3864,1.12e+01,
3865,1.20e+01,
3866,1.20e+01,
3867,1.20e+01,
3868,1.12e+01,
3869,1.20e+01,
3870,1.12e+01,
3871,1.20e+01,
3872,1.12e+01,
3873,1.20e+01,
3874,1.20e+01,
3875,1.20e+01,
3876,1.12e+01,
3877,1.20e+01,
3878,1.12e+01,
3879,1.12e+01,
3880,1.12e+01,
3881,1.20e+01,
3882,1.20e+01,
3883,1.20e+01,
3884,1.12e+01,
3885,1.20e+01,
3886,1.20e+01,
3887,1.20e+01,
3888,1.12e+01,
3889,1.20e+01,
3890,1.20e+01,
3891,1.20e+01,
3892,1.12e+01,
3893,1.20e+01,
3894,1.20e+01,
3895,1.20e+01,
3896,1.12e+01,
3897,1.20e+01,
3898,1.20e+01,
3899,1.20e+01,
3900,1.12e+01,
3901,1.20e+01,
3902,1.20e+01,
3903,1.20e+01,
3904,1.20e+01,
3905,1.20e+01,
3906,1.20e+01,
3907,1.20e+01,
3908,1.12e+01,
3909,1.20e+01,
3910,1.20e+01,
3911,1.20e+01,
3912,1.20e+01,
3913,1.20e+01,
3914,1.20e+01,
3915,1.20e+01,
3916,1.12e+01,
3917,1.20e+01,
3918,1.20e+01,
3919,1.20e+01,
3920,1.20e+01,
3921,1.20e+01,
3922,1.20e+01,
3923,1.20e+01,
3924,1.20e+01,
3925,1.20e+01,
3926,1.20e+01,
3927,1.20e+01,
3928,1.20e+01,
3929,1.20e+01,
3930,1.20e+01,
3931,1.20e+01,
3932,1.20e+01,
3933,1.20e+01,
3934,1.20e+01,
3935,1.20e+01,
3936,1.20e+01,
3937,1.20e+01,
3938,1.20e+01,
3939,1.20e+01,
3940,1.20e+01,
3941,1.20e+01,
3942,1.20e+01,
3943,1.20e+01,
3944,1.20e+01,
3945,1.20e+01,
3946,1.20e+01,
3947,1.20e+01,
3948,1.20e+01,
3949,1.20e+01,
3950,1.20e+01,
3951,1.20e+01,
3952,1.20e+01,
3953,1.28e+01,
3954,1.28e+01,
3955,1.28e+01,
3956,1.20e+01,
3957,1.28e+01,
3958,1.28e+01,
3959,1.28e+01,
3960,1.20e+01,
3961,1.28e+01,
3962,1.28e+01,
3963,1.28e+01,
3964,1.20e+01,
3965,1.28e+01,
3966,1.28e+01,
3967,1.28e+01,
3968,1.28e+01,
3969,1.28e+01,
3970,1.28e+01,
3971,1.28e+01,
3972,1.28e+01,
3973,1.28e+01,
3974,1.28e+01,
3975,1.28e+01,
3976,1.28e+01,
3977,1.28e+01,
3978,1.28e+01,
3979,1.28e+01,
3980,1.28e+01,
3981,1.28e+01,
3982,1.28e+01,
3983,1.28e+01,
3984,1.28e+01,
3985,1.36e+01,
3986,1.36e+01,
3987,1.36e+01,
3988,1.28e+01,
3989,1.36e+01,
3990,1.28e+01,
3991,1.28e+01,
3992,1.28e+01,
3993,1.36e+01,
3994,1.36e+01,
3995,1.36e+01,
3996,1.28e+01,
3997,1.36e+01,
3998,1.36e+01,
3999,1.36e+01,
4000,1.36e+01,
4001,1.36e+01,
4002,1.36e+01,
4003,1.36e+01,
4004,1.36e+01,
4005,1.36e+01,
4006,1.36e+01,
4007,1.36e+01,
4008,1.36e+01,
4009,1.36e+01,
4010,1.36e+01,
4011,1.36e+01,
4012,1.36e+01,
4013,1.36e+01,
4014,1.36e+01,
4015,1.44e+01,
4016,1.36e+01,
4017,1.44e+01,
4018,1.44e+01,
4019,1.44e+01,
4020,1.36e+01,
4021,1.44e+01,
4022,1.44e+01,
4023,1.44e+01,
4024,1.44e+01,
4025,1.44e+01,
4026,1.44e+01,
4027,1.44e+01,
4028,1.44e+01,
4029,1.44e+01,
4030,1.44e+01,
4031,1.44e+01,
4032,1.44e+01,
4033,1.44e+01,
4034,1.52e+01,
4035,1.52e+01,
4036,1.44e+01,
4037,1.52e+01,
4038,1.52e+01,
4039,1.52e+01,
4040,1.52e+01,
4041,1.52e+01,
4042,1.52e+01,
4043,1.52e+01,
4044,1.52e+01,
4045,1.52e+01,
4046,1.52e+01,
4047,1.52e+01,
4048,1.52e+01,
4049,1.52e+01,
4050,1.52e+01,
4051,1.52e+01,
4052,1.52e+01,
4053,1.52e+01,
4054,1.52e+01,
4055,1.60e+01,
4056,1.52e+01,
4057,1.60e+01,
4058,1.60e+01,
4059,1.60e+01,
4060,1.60e+01,
4061,1.60e+01,
4062,1.60e+01,
4063,1.60e+01,
4064,1.60e+01,
4065,1.60e+01,
4066,1.60e+01,
4067,1.60e+01,
4068,1.60e+01,
4069,1.60e+01,
4070,1.60e+01,
4071,1.60e+01,
4072,1.60e+01,
4073,1.68e+01,
4074,1.68e+01,
4075,1.68e+01,
4076,1.60e+01,
4077,1.68e+01,
4078,1.68e+01,
4079,1.68e+01,
4080,1.68e+01,
4081,1.68e+01,
4082,1.68e+01,
4083,1.68e+01,
4084,1.68e+01,
4085,1.68e+01,
4086,1.68e+01,
4087,1.68e+01,
4088,1.68e+01,
4089,1.76e+01,
4090,1.68e+01,
4091,1.76e+01,
4092,1.68e+01,
4093,1.76e+01,
4094,1.76e+01,
4095,1.76e+01,
4096,1.76e+01,
4097,1.76e+01,
4098,1.76e+01,
4099,1.76e+01,
4100,1.76e+01,
4101,1.76e+01,
4102,1.76e+01,
4103,1.76e+01,
4104,1.76e+01,
4105,1.76e+01,
4106,1.84e+01,
4107,1.76e+01,
4108,1.76e+01,
4109,1.84e+01,
4110,1.84e+01,
4111,1.84e+01,
4112,1.84e+01,
4113,1.84e+01,
4114,1.84e+01,
4115,1.84e+01,
4116,1.84e+01,
4117,1.84e+01,
4118,1.84e+01,
4119,1.84e+01,
4120,1.84e+01,
4121,1.84e+01,
4122,1.84e+01,
4123,1.92e+01,
4124,1.84e+01,
4125,1.92e+01,
4126,1.92e+01,
4127,1.92e+01,
4128,1.92e+01,
4129,1.92e+01,
4130,1.92e+01,
4131,1.92e+01,
4132,1.92e+01,
4133,1.92e+01,
4134,1.92e+01,
4135,1.92e+01,
4136,1.92e+01,
4137,1.92e+01,
4138,1.92e+01,
4139,1.92e+01,
4140,1.92e+01,
4141,2.00e+01,
4142,2.00e+01,
4143,2.00e+01,
4144,2.00e+01,
4145,2.00e+01,
4146,2.00e+01,
4147,2.00e+01,
4148,2.00e+01,
4149,2.00e+01,
4150,2.00e+01,
4151,2.00e+01,
4152,2.00e+01,
4153,2.00e+01,
4154,2.00e+01,
4155,2.08e+01,
4156,2.00e+01,
4157,2.08e+01,
4158,2.00e+01,
4159,2.08e+01,
4160,2.08e+01,
4161,2.08e+01,
4162,2.08e+01,
4163,2.08e+01,
4164,2.08e+01,
4165,2.08e+01,
4166,2.08e+01,
4167,2.08e+01,
4168,2.08e+01,
4169,2.08e+01,
4170,2.08e+01,
4171,2.08e+01,
4172,2.08e+01,
4173,2.08e+01,
4174,2.08e+01,
4175,2.16e+01,
4176,2.08e+01,
4177,2.16e+01,
4178,2.16e+01,
4179,2.16e+01,
4180,2.08e+01,
4181,2.16e+01,
4182,2.16e+01,
4183,2.16e+01,
4184,2.16e+01,
4185,2.16e+01,
4186,2.16e+01,
4187,2.16e+01,
4188,2.16e+01,
4189,2.16e+01,
4190,2.16e+01,
4191,2.16e+01,
4192,2.16e+01,
4193,2.24e+01,
4194,2.24e+01,
4195,2.24e+01,
4196,2.16e+01,
4197,2.24e+01,
4198,2.24e+01,
4199,2.24e+01,
4200,2.24e+01,
4201,2.24e+01,
4202,2.24e+01,
4203,2.24e+01,
4204,2.24e+01,
4205,2.24e+01,
4206,2.24e+01,
4207,2.24e+01,
4208,2.24e+01,
4209,2.24e+01,
4210,2.24e+01,
4211,2.32e+01,
4212,2.24e+01,
4213,2.24e+01,
4214,2.24e+01,
4215,2.32e+01,
4216,2.24e+01,
4217,2.32e+01,
4218,2.32e+01,
4219,2.32e+01,
4220,2.32e+01,
4221,2.32e+01,
4222,2.32e+01,
4223,2.32e+01,
4224,2.32e+01,
4225,2.32e+01,
4226,2.32e+01,
4227,2.32e+01,
4228,2.32e+01,
4229,2.32e+01,
4230,2.32e+01,
4231,2.32e+01,
4232,2.32e+01,
4233,2.32e+01,
4234,2.32e+01,
4235,2.32e+01,
4236,2.32e+01,
4237,2.32e+01,
4238,2.32e+01,
4239,2.32e+01,
4240,2.32e+01,
4241,2.40e+01,
4242,2.40e+01,
4243,2.40e+01,
4244,2.32e+01,
4245,2.40e+01,
4246,2.40e+01,
4247,2.40e+01,
4248,2.40e+01,
4249,2.40e+01,
4250,2.40e+01,
4251,2.40e+01,
4252,2.40e+01,
4253,2.40e+01,
4254,2.40e+01,
4255,2.40e+01,
4256,2.40e+01,
4257,2.40e+01,
4258,2.40e+01,
4259,2.40e+01,
4260,2.40e+01,
4261,2.40e+01,
4262,2.40e+01,
4263,2.40e+01,
4264,2.40e+01,
4265,2.40e+01,
4266,2.40e+01,
4267,2.40e+01,
4268,2.40e+01,
4269,2.40e+01,
4270,2.40e+01,
4271,2.40e+01,
4272,2.40e+01,
4273,2.40e+01,
4274,2.40e+01,
4275,2.40e+01,
4276,2.40e+01,
4277,2.40e+01,
4278,2.40e+01,
4279,2.40e+01,
4280,2.40e+01,
4281,2.40e+01,
4282,2.40e+01,
4283,2.40e+01,
4284,2.40e+01,
4285,2.40e+01,
4286,2.40e+01,
4287,2.48e+01,
4288,2.40e+01,
4289,2.40e+01,
4290,2.40e+01,
4291,2.48e+01,
4292,2.40e+01,
4293,2.48e+01,
4294,2.40e+01,
4295,2.40e+01,
4296,2.40e+01,
4297,2.48e+01,
4298,2.48e+01,
4299,2.48e+01,
4300,2.40e+01,
4301,2.48e+01,
4302,2.48e+01,
4303,2.48e+01,
4304,2.40e+01,
4305,2.48e+01,
4306,2.48e+01,
4307,2.48e+01,
4308,2.40e+01,
4309,2.40e+01,
4310,2.40e+01,
4311,2.40e+01,
4312,2.40e+01,
4313,2.48e+01,
4314,2.48e+01,
4315,2.48e+01,
4316,2.40e+01,
4317,2.48e+01,
4318,2.48e+01,
4319,2.48e+01,
4320,2.40e+01,
4321,2.48e+01,
4322,2.48e+01,
4323,2.48e+01,
4324,2.40e+01,
4325,2.40e+01,
4326,2.40e+01,
4327,2.40e+01,
4328,2.40e+01,
4329,2.48e+01,
4330,2.40e+01,
4331,2.48e+01,
4332,2.40e+01,
4333,2.40e+01,
4334,2.40e+01,
4335,2.40e+01,
4336,2.40e+01,
4337,2.40e+01,
4338,2.40e+01,
4339,2.40e+01,
4340,2.40e+01,
4341,2.40e+01,
4342,2.40e+01,
4343,2.40e+01,
4344,2.40e+01,
4345,2.40e+01,
4346,2.40e+01,
4347,2.40e+01,
4348,2.40e+01,
4349,2.40e+01,
4350,2.40e+01,
4351,2.40e+01,
4352,2.40e+01,
4353,2.40e+01,
4354,2.40e+01,
4355,2.40e+01,
4356,2.40e+01,
4357,2.40e+01,
4358,2.40e+01,
4359,2.40e+01,
4360,2.40e+01,
4361,2.40e+01,
4362,2.40e+01,
4363,2.40e+01,
4364,2.40e+01,
4365,2.40e+01,
4366,2.40e+01,
4367,2.40e+01,
4368,2.40e+01,
4369,2.40e+01,
4370,2.40e+01,
4371,2.40e+01,
4372,2.32e+01,
4373,2.40e+01,
4374,2.32e+01,
4375,2.40e+01,
4376,2.32e+01,
4377,2.40e+01,
4378,2.32e+01,
4379,2.32e+01,
4380,2.32e+01,
4381,2.32e+01,
4382,2.32e+01,
4383,2.32e+01,
4384,2.32e+01,
4385,2.32e+01,
4386,2.32e+01,
4387,2.32e+01,
4388,2.32e+01,
4389,2.32e+01,
4390,2.32e+01,
4391,2.32e+01,
4392,2.32e+01,
4393,2.32e+01,
4394,2.32e+01,
4395,2.32e+01,
4396,2.32e+01,
4397,2.32e+01,
4398,2.32e+01,
4399,2.32e+01,
4400,2.32e+01,
4401,2.24e+01,
4402,2.32e+01,
4403,2.32e+01,
4404,2.24e+01,
4405,2.24e+01,
4406,2.24e+01,
4407,2.24e+01,
4408,2.24e+01,
4409,2.24e+01,
4410,2.24e+01,
4411,2.24e+01,
4412,2.24e+01,
4413,2.24e+01,
4414,2.24e+01,
4415,2.24e+01,
4416,2.24e+01,
4417,2.24e+01,
4418,2.24e+01,
4419,2.24e+01,
4420,2.16e+01,
4421,2.24e+01,
4422,2.16e+01,
4423,2.24e+01,
4424,2.16e+01,
4425,2.24e+01,
4426,2.16e+01,
4427,2.16e+01,
4428,2.16e+01,
4429,2.16e+01,
4430,2.16e+01,
4431,2.16e+01,
4432,2.16e+01,
4433,2.16e+01,
4434,2.16e+01,
4435,2.16e+01,
4436,2.16e+01,
4437,2.16e+01,
4438,2.16e+01,
4439,2.16e+01,
4440,2.16e+01,
4441,2.16e+01,
4442,2.16e+01,
4443,2.16e+01,
4444,2.08e+01,
4445,2.16e+01,
4446,2.08e+01,
4447,2.08e+01,
4448,2.08e+01,
4449,2.08e+01,
4450,2.08e+01,
4451,2.08e+01,
4452,2.08e+01,
4453,2.08e+01,
4454,2.08e+01,
4455,2.08e+01,
4456,2.08e+01,
4457,2.08e+01,
4458,2.08e+01,
4459,2.08e+01,
4460,2.00e+01,
4461,2.08e+01,
4462,2.00e+01,
4463,2.00e+01,
4464,2.00e+01,
4465,2.00e+01,
4466,2.00e+01,
4467,2.00e+01,
4468,2.00e+01,
4469,2.00e+01,
4470,2.00e+01,
4471,2.00e+01,
4472,2.00e+01,
4473,2.00e+01,
4474,2.00e+01,
4475,2.00e+01,
4476,2.00e+01,
4477,2.00e+01,
4478,2.00e+01,
4479,2.00e+01,
4480,1.92e+01,
4481,1.92e+01,
4482,1.92e+01,
4483,1.92e+01,
4484,1.92e+01,
4485,1.92e+01,
4486,1.92e+01,
4487,1.92e+01,
4488,1.92e+01,
4489,1.92e+01,
4490,1.92e+01,
4491,1.92e+01,
4492,1.92e+01,
4493,1.92e+01,
4494,1.92e+01,
4495,1.92e+01,
4496,1.92e+01,
4497,1.92e+01,
4498,1.92e+01,
4499,1.84e+01,
4500,1.84e+01,
4501,1.84e+01,
4502,1.84e+01,
4503,1.84e+01,
4504,1.84e+01,
4505,1.84e+01,
4506,1.84e+01,
4507,1.84e+01,
4508,1.84e+01,
4509,1.84e+01,
4510,1.84e+01,
4511,1.84e+01,
4512,1.76e+01,
4513,1.84e+01,
4514,1.84e+01,
4515,1.84e+01,
4516,1.76e+01,
4517,1.76e+01,
4518,1.76e+01,
4519,1.76e+01,
4520,1.76e+01,
4521,1.76e+01,
4522,1.76e+01,
4523,1.76e+01,
4524,1.76e+01,
4525,1.76e+01,
4526,1.76e+01,
4527,1.76e+01,
4528,1.76e+01,
4529,1.76e+01,
4530,1.76e+01,
4531,1.76e+01,
4532,1.68e+01,
4533,1.76e+01,
4534,1.68e+01,
4535,1.68e+01,
4536,1.68e+01,
4537,1.68e+01,
4538,1.68e+01,
4539,1.68e+01,
4540,1.68e+01,
4541,1.68e+01,
4542,1.68e+01,
4543,1.68e+01,
4544,1.68e+01,
4545,1.68e+01,
4546,1.68e+01,
4547,1.68e+01,
4548,1.68e+01,
4549,1.68e+01,
4550,1.68e+01,
4551,1.68e+01,
4552,1.60e+01,
4553,1.68e+01,
4554,1.60e+01,
4555,1.60e+01,
4556,1.60e+01,
4557,1.60e+01,
4558,1.60e+01,
4559,1.60e+01,
4560,1.60e+01,
4561,1.60e+01,
4562,1.60e+01,
4563,1.60e+01,
4564,1.60e+01,
4565,1.60e+01,
4566,1.60e+01,
4567,1.60e+01,
4568,1.60e+01,
4569,1.60e+01,
4570,1.60e+01,
4571,1.60e+01,
4572,1.52e+01,
4573,1.60e+01,
4574,1.52e+01,
4575,1.60e+01,
4576,1.52e+01,
4577,1.52e+01,
4578,1.52e+01,
4579,1.52e+01,
4580,1.52e+01,
4581,1.52e+01,
4582,1.52e+01,
4583,1.52e+01,
4584,1.52e+01,
4585,1.52e+01,
4586,1.52e+01,
4587,1.52e+01,
4588,1.52e+01,
4589,1.52e+01,
4590,1.44e+01,
4591,1.52e+01,
4592,1.44e+01,
4593,1.52e+01,
4594,1.52e+01,
4595,1.52e+01,
4596,1.44e+01,
4597,1.44e+01,
4598,1.44e+01,
4599,1.44e+01,
4600,1.44e+01,
4601,1.44e+01,
4602,1.44e+01,
4603,1.44e+01,
4604,1.44e+01,
4605,1.44e+01,
4606,1.44e+01,
4607,1.44e+01,
4608,1.44e+01,
4609,1.44e+01,
4610,1.44e+01,
4611,1.44e+01,
4612,1.36e+01,
4613,1.44e+01,
4614,1.44e+01,
4615,1.44e+01,
4616,1.36e+01,
4617,1.44e+01,
4618,1.44e+01,
4619,1.44e+01,
4620,1.36e+01,
4621,1.44e+01,
4622,1.36e+01,
4623,1.44e+01,
4624,1.36e+01,
4625,1.36e+01,
4626,1.36e+01,
4627,1.36e+01,
4628,1.36e+01,
4629,1.36e+01,
4630,1.36e+01,
4631,1.36e+01,
4632,1.36e+01,
4633,1.36e+01,
4634,1.36e+01,
4635,1.36e+01,
4636,1.36e+01,
4637,1.36e+01,
4638,1.36e+01,
4639,1.36e+01,
4640,1.36e+01,
4641,1.36e+01,
4642,1.36e+01,
4643,1.36e+01,
4644,1.28e+01,
4645,1.36e+01,
4646,1.36e+01,
4647,1.36e+01,
4648,1.28e+01,
4649,1.36e+01,
4650,1.36e+01,
4651,1.36e+01,
4652,1.28e+01,
4653,1.36e+01,
4654,1.28e+01,
4655,1.36e+01,
4656,1.28e+01,
4657,1.28e+01,
4658,1.28e+01,
4659,1.28e+01,
4660,1.28e+01,
4661,1.28e+01,
4662,1.28e+01,
4663,1.28e+01,
4664,1.28e+01,
4665,1.28e+01,
4666,1.28e+01,
4667,1.28e+01,
4668,1.28e+01,
4669,1.28e+01,
4670,1.28e+01,
4671,1.28e+01,
4672,1.28e+01,
4673,1.28e+01,
4674,1.28e+01,
4675,1.28e+01,
4676,1.28e+01,
4677,1.28e+01,
4678,1.28e+01,
4679,1.28e+01,
4680,1.28e+01,
4681,1.28e+01,
4682,1.28e+01,
4683,1.28e+01,
4684,1.20e+01,
4685,1.28e+01,
4686,1.28e+01,
4687,1.28e+01,
4688,1.20e+01,
4689,1.28e+01,
4690,1.28e+01,
4691,1.28e+01,
4692,1.20e+01,
4693,1.28e+01,
4694,1.28e+01,
4695,1.28e+01,
4696,1.20e+01,
4697,1.28e+01,
4698,1.28e+01,
4699,1.28e+01,
4700,1.20e+01,
4701,1.28e+01,
4702,1.28e+01,
4703,1.28e+01,
4704,1.20e+01,
4705,1.28e+01,
4706,1.28e+01,
4707,1.28e+01,
4708,1.20e+01,
4709,1.28e+01,
4710,1.20e+01,
4711,1.28e+01,
4712,1.20e+01,
4713,1.28e+01,
4714,1.28e+01,
4715,1.20e+01,
4716,1.20e+01,
4717,1.28e+01,
4718,1.20e+01,
4719,1.28e+01,
4720,1.20e+01,
4721,1.20e+01,
4722,1.20e+01,
4723,1.20e+01,
4724,1.20e+01,
4725,1.20e+01,
4726,1.20e+01,
4727,1.20e+01,
4728,1.20e+01,
4729,1.28e+01,
4730,1.20e+01,
4731,1.28e+01,
4732,1.20e+01,
4733,1.20e+01,
4734,1.20e+01,
4735,1.20e+01,
4736,1.20e+01,
4737,1.20e+01,
4738,1.20e+01,
4739,1.28e+01,
4740,1.20e+01,
4741,1.20e+01,
4742,1.20e+01,
4743,1.20e+01,
4744,1.20e+01,
4745,1.20e+01,
4746,1.20e+01,
4747,1.28e+01,
4748,1.20e+01,
4749,1.20e+01,
4750,1.20e+01,
4751,1.28e+01,
4752,1.20e+01,
4753,1.28e+01,
4754,1.20e+01,
4755,1.20e+01,
4756,1.20e+01,
4757,1.20e+01,
4758,1.20e+01,
4759,1.20e+01,
4760,1.20e+01,
4761,1.28e+01,
4762,1.20e+01,
4763,1.28e+01,
4764,1.20e+01,
4765,1.28e+01,
4766,1.20e+01,
4767,1.28e+01,
4768,1.20e+01,
4769,1.28e+01,
4770,1.28e+01,
4771,1.28e+01,
4772,1.20e+01,
4773,1.28e+01,
4774,1.20e+01,
4775,1.28e+01,
4776,1.20e+01,
4777,1.28e+01,
4778,1.28e+01,
4779,1.28e+01,
4780,1.20e+01,
4781,1.28e+01,
4782,1.28e+01,
4783,1.28e+01,
4784,1.20e+01,
4785,1.28e+01,
4786,1.28e+01,
4787,1.28e+01,
4788,1.20e+01,
4789,1.28e+01,
4790,1.28e+01,
4791,1.28e+01,
4792,1.20e+01,
4793,1.28e+01,
4794,1.28e+01,
4795,1.28e+01,
4796,1.20e+01,
4797,1.28e+01,
4798,1.28e+01,
4799,1.28e+01,
4800,1.28e+01,
4801,1.28e+01,
4802,1.28e+01,
4803,1.28e+01,
4804,1.28e+01,
4805,1.28e+01,
4806,1.28e+01,
4807,1.28e+01,
4808,1.28e+01,
4809,1.28e+01,
4810,1.28e+01,
4811,1.28e+01,
4812,1.28e+01,
4813,1.28e+01,
4814,1.28e+01,
4815,1.28e+01,
4816,1.28e+01,
4817,1.28e+01,
4818,1.28e+01,
4819,1.28e+01,
4820,1.28e+01,
4821,1.28e+01,
4822,1.28e+01,
4823,1.28e+01,
4824,1.28e+01,
4825,1.36e+01,
4826,1.36e+01,
4827,1.36e+01,
4828,1.28e+01,
4829,1.36e+01,
4830,1.28e+01,
4831,1.36e+01,
4832,1.28e+01,
4833,1.36e+01,
4834,1.36e+01,
4835,1.36e+01,
4836,1.28e+01,
4837,1.36e+01,
4838,1.36e+01,
4839,1.36e+01,
4840,1.36e+01,
4841,1.36e+01,
4842,1.36e+01,
4843,1.36e+01,
4844,1.36e+01,
4845,1.36e+01,
4846,1.36e+01,
4847,1.36e+01,
4848,1.36e+01,
4849,1.36e+01,
4850,1.36e+01,
4851,1.36e+01,
4852,1.36e+01,
4853,1.36e+01,
4854,1.36e+01,
4855,1.36e+01,
4856,1.36e+01,
4857,1.44e+01,
4858,1.36e+01,
4859,1.44e+01,
4860,1.36e+01,
4861,1.44e+01,
4862,1.44e+01,
4863,1.44e+01,
4864,1.36e+01,
4865,1.44e+01,
4866,1.44e+01,
4867,1.44e+01,
4868,1.36e+01,
4869,1.44e+01,
4870,1.44e+01,
4871,1.44e+01,
4872,1.44e+01,
4873,1.44e+01,
4874,1.44e+01,
4875,1.44e+01,
4876,1.44e+01,
4877,1.44e+01,
4878,1.44e+01,
4879,1.44e+01,
4880,1.44e+01,
4881,1.44e+01,
4882,1.44e+01,
4883,1.52e+01,
4884,1.44e+01,
4885,1.52e+01,
4886,1.52e+01,
4887,1.52e+01,
4888,1.44e+01,
4889,1.52e+01,
4890,1.52e+01,
4891,1.52e+01,
4892,1.52e+01,
4893,1.52e+01,
4894,1.52e+01,
4895,1.52e+01,
4896,1.52e+01,
4897,1.52e+01,
4898,1.52e+01,
4899,1.52e+01,
4900,1.52e+01,
4901,1.52e+01,
4902,1.52e+01,
4903,1.52e+01,
4904,1.52e+01,
4905,1.52e+01,
4906,1.52e+01,
4907,1.60e+01,
4908,1.52e+01,
4909,1.60e+01,
4910,1.60e+01,
4911,1.60e+01,
4912,1.60e+01,
4913,1.60e+01,
4914,1.60e+01,
4915,1.60e+01,
4916,1.60e+01,
4917,1.60e+01,
4918,1.60e+01,
4919,1.60e+01,
4920,1.60e+01,
4921,1.60e+01,
4922,1.60e+01,
4923,1.60e+01,
4924,1.60e+01,
4925,1.60e+01,
4926,1.60e+01,
4927,1.68e+01,
4928,1.60e+01,
4929,1.68e+01,
4930,1.68e+01,
4931,1.68e+01,
4932,1.68e+01,
4933,1.68e+01,
4934,1.68e+01,
4935,1.68e+01,
4936,1.68e+01,
4937,1.68e+01,
4938,1.68e+01,
4939,1.68e+01,
4940,1.68e+01,
4941,1.68e+01,
4942,1.68e+01,
4943,1.68e+01,
4944,1.68e+01,
4945,1.68e+01,
4946,1.68e+01,
4947,1.76e+01,
4948,1.68e+01,
4949,1.76e+01,
4950,1.76e+01,
4951,1.76e+01,
4952,1.76e+01,
4953,1.76e+01,
4954,1.76e+01,
4955,1.76e+01,
4956,1.76e+01,
4957,1.76e+01,
4958,1.76e+01,
4959,1.76e+01,
4960,1.76e+01,
4961,1.76e+01,
4962,1.84e+01,
4963,1.84e+01,
4964,1.76e+01,
4965,1.84e+01,
4966,1.84e+01,
4967,1.84e+01,
4968,1.84e+01,
4969,1.84e+01,
4970,1.84e+01,
4971,1.84e+01,
4972,1.84e+01,
4973,1.84e+01,
4974,1.84e+01,
4975,1.84e+01,
4976,1.84e+01,
4977,1.84e+01,
4978,1.92e+01,
4979,1.92e+01,
4980,1.84e+01,
4981,1.92e+01,
4982,1.92e+01,
4983,1.92e+01,
4984,1.92e+01,
4985,1.92e+01,
4986,1.92e+01,
4987,1.92e+01,
4988,1.92e+01,
4989,1.92e+01,
4990,1.84e+01,
4991,1.84e+01,
4992,1.68e+01,
4993,1.60e+01,
4994,1.44e+01,
4995,1.28e+01,
4996,1.12e+01,
4997,1.04e+01,
4998,8.80e+00,
4999,8.00e+00,
5000,7.20e+00,
5001,7.20e+00,
5002,6.40e+00,
5003,5.60e+00,
5004,4.80e+00,
5005,4.80e+00,
5006,4.80e+00,
5007,4.80e+00,
5008,4.00e+00,
5009,4.00e+00,
5010,3.20e+00,
5011,3.20e+00,
5012,3.20e+00,
5013,3.20e+00,
5014,2.40e+00,
5015,2.40e+00,
5016,2.40e+00,
5017,2.40e+00,
5018,2.40e+00,
5019,2.40e+00,
5020,1.60e+00,
5021,2.40e+00,
5022,2.40e+00,
5023,2.40e+00,
5024,2.40e+00,
5025,2.40e+00,
5026,2.40e+00,
5027,2.40e+00,
5028,1.60e+00,
5029,2.40e+00,
5030,1.60e+00,
5031,1.60e+00,
5032,1.60e+00,
5033,1.60e+00,
5034,1.60e+00,
5035,1.60e+00,
5036,8.00e-01,
5037,8.00e-01,
5038,8.00e-01,
5039,8.00e-01,
5040,-1.74e-04,
5041,-1.74e-04,
5042,-1.74e-04,
5043,-1.74e-04,
5044,-8.00e-01,
5045,-8.00e-01,
5046,-8.00e-01,
5047,-8.00e-01,
5048,-8.00e-01,
5049,-8.00e-01,
5050,-8.00e-01,
5051,-1.74e-04,
5052,-8.00e-01,
5053,-1.74e-04,
5054,-1.74e-04,
5055,-1.74e-04,
5056,-1.74e-04,
5057,-1.74e-04,
5058,-1.74e-04,
5059,8.00e-01,
5060,-1.74e-04,
5061,8.00e-01,
5062,-1.74e-04,
5063,8.00e-01,
5064,-1.74e-04,
5065,8.00e-01,
5066,-1.74e-04,
5067,-1.74e-04,
5068,-1.74e-04,
5069,-1.74e-04,
5070,-1.74e-04,
5071,-1.74e-04,
5072,-8.00e-01,
5073,-1.74e-04,
5074,-8.00e-01,
5075,-1.74e-04,
5076,-8.00e-01,
5077,-8.00e-01,
5078,-8.00e-01,
5079,-1.74e-04,
5080,-8.00e-01,
5081,-1.74e-04,
5082,-1.74e-04,
5083,-1.74e-04,
5084,-8.00e-01,
5085,-1.74e-04,
5086,-1.74e-04,
5087,-1.74e-04,
5088,-1.74e-04,
5089,-1.74e-04,
5090,-1.74e-04,
5091,-1.74e-04,
5092,-1.74e-04,
5093,-1.74e-04,
5094,-1.74e-04,
5095,8.00e-01,
5096,-1.74e-04,
5097,-1.74e-04,
5098,-1.74e-04,
5099,-1.74e-04,
5100,-1.74e-04,
5101,-1.74e-04,
5102,-1.74e-04,
5103,-1.74e-04,
5104,-8.00e-01,
5105,-1.74e-04,
5106,-1.74e-04,
5107,-1.74e-04,
5108,-8.00e-01,
5109,-1.74e-04,
5110,-8.00e-01,
5111,-1.74e-04,
5112,-8.00e-01,
5113,-1.74e-04,
5114,-1.74e-04,
5115,-1.74e-04,
5116,-8.00e-01,
5117,-1.74e-04,
5118,-1.74e-04,
5119,-1.74e-04,
5120,-1.74e-04,
5121,-1.74e-04,
5122,-1.74e-04,
5123,-1.74e-04,
5124,-1.74e-04,
5125,-1.74e-04,
5126,-1.74e-04,
5127,-1.74e-04,
5128,-1.74e-04,
5129,-1.74e-04,
5130,-1.74e-04,
5131,-1.74e-04,
5132,-1.74e-04,
5133,-1.74e-04,
5134,-1.74e-04,
5135,-1.74e-04,
5136,-1.74e-04,
5137,-1.74e-04,
5138,-1.74e-04,
5139,-1.74e-04,
5140,-8.00e-01,
5141,-1.74e-04,
5142,-8.00e-01,
5143,-1.74e-04,
5144,-8.00e-01,
5145,-1.74e-04,
5146,-1.74e-04,
5147,-1.74e-04,
5148,-8.00e-01,
5149,-1.74e-04,
5150,-1.74e-04,
5151,-1.74e-04,
5152,-1.74e-04,
5153,-1.74e-04,
5154,-1.74e-04,
5155,-1.74e-04,
5156,-1.74e-04,
5157,-1.74e-04,
5158,-1.74e-04,
5159,-1.74e-04,
5160,-1.74e-04,
5161,-1.74e-04,
5162,-1.74e-04,
5163,-1.74e-04,
5164,-8.00e-01,
5165,-1.74e-04,
5166,-1.74e-04,
5167,-1.74e-04,
5168,-1.74e-04,
5169,-1.74e-04,
5170,-1.74e-04,
5171,-1.74e-04,
5172,-8.00e-01,
5173,-1.74e-04,
5174,-8.00e-01,
5175,-1.74e-04,
5176,-8.00e-01,
5177,-1.74e-04,
5178,-1.74e-04,
5179,-1.74e-04,
5180,-8.00e-01,
5181,-1.74e-04,
5182,-1.74e-04,
5183,-1.74e-04,
5184,-1.74e-04,
5185,-1.74e-04,
5186,-1.74e-04,
5187,-1.74e-04,
5188,-1.74e-04,
5189,-1.74e-04,
5190,-1.74e-04,
5191,-1.74e-04,
5192,-1.74e-04,
5193,-1.74e-04,
5194,-1.74e-04,
5195,-1.74e-04,
5196,-8.00e-01,
5197,-1.74e-04,
5198,-1.74e-04,
5199,-1.74e-04,
5200,-1.74e-04,
5201,-1.74e-04,
5202,-1.74e-04,
5203,-1.74e-04,
5204,-8.00e-01,
5205,-1.74e-04,
5206,-8.00e-01,
5207,-1.74e-04,
5208,-8.00e-01,
5209,-1.74e-04,
5210,-1.74e-04,
5211,-1.74e-04,
5212,-8.00e-01,
5213,-1.74e-04,
5214,-1.74e-04,
5215,-1.74e-04,
5216,-1.74e-04,
5217,-1.74e-04,
5218,-1.74e-04,
5219,-1.74e-04,
5220,-1.74e-04,
5221,-1.74e-04,
5222,-1.74e-04,
5223,-1.74e-04,
5224,-1.74e-04,
5225,-1.74e-04,
5226,-1.74e-04,
5227,-1.74e-04,
5228,-1.74e-04,
5229,-1.74e-04,
5230,-1.74e-04,
5231,-1.74e-04,
5232,-1.74e-04,
5233,-1.74e-04,
5234,-1.74e-04,
5235,-1.74e-04,
5236,-8.00e-01,
5237,-1.74e-04,
5238,-1.74e-04,
5239,-1.74e-04,
5240,-8.00e-01,
5241,-1.74e-04,
5242,-1.74e-04,
5243,-1.74e-04,
5244,-8.00e-01,
5245,-1.74e-04,
5246,-1.74e-04,
5247,-1.74e-04,
5248,-1.74e-04,
5249,-1.74e-04,
5250,-1.74e-04,
5251,-1.74e-04,
5252,-8.00e-01,
5253,-1.74e-04,
5254,-1.74e-04,
5255,-1.74e-04,
5256,-1.74e-04,
5257,-1.74e-04,
5258,-1.74e-04,
5259,-1.74e-04,
5260,-8.00e-01,
5261,-1.74e-04,
5262,-1.74e-04,
5263,-1.74e-04,
5264,-8.00e-01,
5265,-1.74e-04,
5266,-1.74e-04,
5267,-1.74e-04,
5268,-8.00e-01,
5269,-1.74e-04,
5270,-8.00e-01,
5271,-1.74e-04,
5272,-8.00e-01,
5273,-1.74e-04,
5274,-1.74e-04,
5275,-1.74e-04,
5276,-8.00e-01,
5277,-1.74e-04,
5278,-1.74e-04,
5279,-1.74e-04,
5280,-1.74e-04,
5281,-1.74e-04,
5282,-1.74e-04,
5283,-1.74e-04,
5284,-8.00e-01,
5285,-1.74e-04,
5286,-1.74e-04,
5287,-1.74e-04,
5288,-1.74e-04,
5289,-1.74e-04,
5290,-1.74e-04,
5291,-1.74e-04,
5292,-8.00e-01,
5293,-1.74e-04,
5294,-1.74e-04,
5295,-1.74e-04,
5296,-1.74e-04,
5297,-1.74e-04,
5298,-1.74e-04,
5299,-1.74e-04,
5300,-8.00e-01,
5301,-1.74e-04,
5302,-1.74e-04,
5303,-1.74e-04,
5304,-8.00e-01,
5305,-1.74e-04,
5306,-1.74e-04,
5307,-1.74e-04,
5308,-8.00e-01,
5309,-1.74e-04,
5310,-1.74e-04,
5311,-1.74e-04,
5312,-1.74e-04,
5313,-1.74e-04,
5314,-1.74e-04,
5315,-1.74e-04,
5316,-8.00e-01,
5317,-1.74e-04,
5318,-1.74e-04,
5319,-1.74e-04,
5320,-1.74e-04,
5321,-1.74e-04,
5322,-1.74e-04,
5323,-1.74e-04,
5324,-8.00e-01,
5325,-1.74e-04,
5326,-1.74e-04,
5327,-1.74e-04,
5328,-1.74e-04,
5329,-1.74e-04,
5330,-1.74e-04,
5331,-1.74e-04,
5332,-8.00e-01,
5333,-1.74e-04,
5334,-1.74e-04,
5335,-1.74e-04,
5336,-1.74e-04,
5337,-1.74e-04,
5338,-1.74e-04,
5339,-1.74e-04,
5340,-8.00e-01,
5341,-1.74e-04,
5342,-1.74e-04,
5343,-1.74e-04,
5344,-1.74e-04,
5345,-1.74e-04,
5346,-1.74e-04,
5347,-1.74e-04,
5348,-8.00e-01,
5349,-1.74e-04,
5350,-1.74e-04,
5351,-1.74e-04,
5352,-1.74e-04,
5353,-1.74e-04,
5354,-1.74e-04,
5355,-1.74e-04,
5356,-8.00e-01,
5357,-1.74e-04,
5358,-1.74e-04,
5359,-1.74e-04,
5360,-1.74e-04,
5361,-1.74e-04,
5362,-1.74e-04,
5363,-1.74e-04,
5364,-8.00e-01,
5365,-1.74e-04,
5366,-1.74e-04,
5367,-1.74e-04,
5368,-1.74e-04,
5369,-1.74e-04,
5370,-1.74e-04,
5371,-1.74e-04,
5372,-8.00e-01,
5373,-1.74e-04,
5374,-1.74e-04,
5375,-1.74e-04,
5376,-1.74e-04,
5377,-1.74e-04,
5378,-1.74e-04,
5379,-1.74e-04,
5380,-8.00e-01,
5381,-1.74e-04,
5382,-1.74e-04,
5383,-1.74e-04,
5384,-1.74e-04,
5385,-1.74e-04,
5386,-1.74e-04,
5387,-1.74e-04,
5388,-8.00e-01,
5389,-1.74e-04,
5390,-1.74e-04,
5391,-1.74e-04,
5392,-1.74e-04,
5393,-1.74e-04,
5394,-1.74e-04,
5395,-1.74e-04,
5396,-8.00e-01,
5397,-1.74e-04,
5398,-1.74e-04,
5399,-1.74e-04,
5400,-8.00e-01,
5401,-1.74e-04,
5402,-1.74e-04,
5403,-1.74e-04,
5404,-8.00e-01,
5405,-1.74e-04,
5406,-1.74e-04,
5407,-1.74e-04,
5408,-1.74e-04,
5409,-1.74e-04,
5410,-1.74e-04,
5411,-1.74e-04,
5412,-8.00e-01,
5413,-1.74e-04,
5414,-1.74e-04,
5415,-1.74e-04,
5416,-1.74e-04,
5417,-1.74e-04,
5418,-1.74e-04,
5419,-1.74e-04,
5420,-8.00e-01,
5421,-1.74e-04,
5422,-1.74e-04,
5423,-1.74e-04,
5424,-1.74e-04,
5425,-1.74e-04,
5426,-1.74e-04,
5427,-1.74e-04,
5428,-8.00e-01,
5429,-1.74e-04,
5430,-1.74e-04,
5431,-1.74e-04,
5432,-8.00e-01,
5433,-1.74e-04,
5434,-1.74e-04,
5435,-1.74e-04,
5436,-8.00e-01,
5437,-1.74e-04,
5438,-1.74e-04,
5439,-1.74e-04,
5440,-1.74e-04,
5441,-1.74e-04,
5442,-1.74e-04,
5443,-1.74e-04,
5444,-8.00e-01,
5445,-1.74e-04,
5446,-1.74e-04,
5447,-1.74e-04,
5448,-1.74e-04,
5449,-1.74e-04,
5450,-1.74e-04,
5451,-1.74e-04,
5452,-1.74e-04,
5453,-1.74e-04,
5454,-1.74e-04,
5455,-1.74e-04,
5456,-1.74e-04,
5457,-1.74e-04,
5458,-1.74e-04,
5459,-1.74e-04,
5460,-8.00e-01,
5461,-1.74e-04,
5462,-1.74e-04,
5463,-1.74e-04,
5464,-1.74e-04,
5465,-1.74e-04,
5466,-1.74e-04,
5467,-1.74e-04,
5468,-8.00e-01,
5469,-1.74e-04,
5470,-1.74e-04,
5471,-1.74e-04,
5472,-1.74e-04,
5473,-1.74e-04,
5474,-1.74e-04,
5475,-1.74e-04,
5476,-8.00e-01,
5477,-1.74e-04,
5478,-1.74e-04,
5479,-1.74e-04,
5480,-1.74e-04,
5481,-1.74e-04,
5482,-1.74e-04,
5483,-1.74e-04,
5484,-8.00e-01,
5485,-1.74e-04,
5486,-1.74e-04,
5487,-1.74e-04,
5488,-1.74e-04,
5489,-1.74e-04,
5490,-1.74e-04,
5491,-1.74e-04,
5492,-8.00e-01,
5493,-1.74e-04,
5494,-1.74e-04,
5495,-1.74e-04,
5496,-1.74e-04,
5497,-1.74e-04,
5498,-1.74e-04,
5499,-1.74e-04,
5500,-8.00e-01,
5501,-1.74e-04,
5502,-1.74e-04,
5503,-1.74e-04,
5504,-1.74e-04,
5505,-1.74e-04,
5506,-1.74e-04,
5507,-1.74e-04,
5508,-8.00e-01,
5509,-1.74e-04,
5510,-1.74e-04,
5511,-1.74e-04,
5512,-1.74e-04,
5513,-1.74e-04,
5514,-1.74e-04,
5515,-1.74e-04,
5516,-8.00e-01,
5517,-1.74e-04,
5518,-1.74e-04,
5519,-1.74e-04,
5520,-1.74e-04,
5521,-1.74e-04,
5522,-1.74e-04,
5523,-1.74e-04,
5524,-8.00e-01,
5525,-1.74e-04,
5526,-1.74e-04,
5527,-1.74e-04,
5528,-1.74e-04,
5529,-1.74e-04,
5530,-1.74e-04,
5531,-1.74e-04,
5532,-8.00e-01,
5533,-1.74e-04,
5534,-1.74e-04,
5535,-1.74e-04,
5536,-1.74e-04,
5537,-1.74e-04,
5538,-1.74e-04,
5539,-1.74e-04,
5540,-8.00e-01,
5541,-1.74e-04,
5542,-1.74e-04,
5543,-1.74e-04,
5544,-1.74e-04,
5545,-1.74e-04,
5546,-1.74e-04,
5547,-1.74e-04,
5548,-1.74e-04,
5549,-1.74e-04,
5550,-1.74e-04,
5551,-1.74e-04,
5552,-1.74e-04,
5553,-1.74e-04,
5554,-1.74e-04,
5555,-1.74e-04,
5556,-8.00e-01,
5557,-1.74e-04,
5558,-1.74e-04,
5559,-1.74e-04,
5560,-1.74e-04,
5561,-1.74e-04,
5562,-1.74e-04,
5563,-1.74e-04,
5564,-8.00e-01,
5565,-1.74e-04,
5566,-1.74e-04,
5567,-1.74e-04,
5568,-1.74e-04,
5569,-1.74e-04,
5570,-1.74e-04,
5571,-1.74e-04,
5572,-8.00e-01,
5573,-1.74e-04,
5574,-1.74e-04,
5575,-1.74e-04,
5576,-1.74e-04,
5577,-1.74e-04,
5578,-1.74e-04,
5579,-1.74e-04,
5580,-8.00e-01,
5581,-1.74e-04,
5582,-1.74e-04,
5583,-1.74e-04,
5584,-1.74e-04,
5585,-1.74e-04,
5586,-1.74e-04,
5587,-1.74e-04,
5588,-8.00e-01,
5589,-1.74e-04,
5590,-1.74e-04,
5591,-1.74e-04,
5592,-8.00e-01,
5593,-1.74e-04,
5594,-1.74e-04,
5595,-1.74e-04,
5596,-8.00e-01,
5597,-1.74e-04,
5598,-1.74e-04,
5599,-1.74e-04,
5600,-1.74e-04,
5601,-1.74e-04,
5602,-1.74e-04,
5603,-1.74e-04,
5604,-8.00e-01,
5605,-1.74e-04,
5606,-1.74e-04,
5607,-1.74e-04,
5608,-1.74e-04,
5609,-1.74e-04,
5610,-1.74e-04,
5611,-1.74e-04,
5612,-8.00e-01,
5613,-1.74e-04,
5614,-1.74e-04,
5615,-1.74e-04,
5616,-1.74e-04,
5617,-1.74e-04,
5618,-1.74e-04,
5619,-1.74e-04,
5620,-8.00e-01,
5621,-1.74e-04,
5622,-1.74e-04,
5623,-1.74e-04,
5624,-1.74e-04,
5625,-1.74e-04,
5626,-1.74e-04,
5627,-1.74e-04,
5628,-8.00e-01,
5629,-1.74e-04,
5630,-1.74e-04,
5631,-1.74e-04,
5632,-1.74e-04,
5633,-1.74e-04,
5634,-1.74e-04,
5635,-1.74e-04,
5636,-8.00e-01,
5637,-1.74e-04,
5638,-1.74e-04,
5639,-1.74e-04,
5640,-1.74e-04,
5641,-1.74e-04,
5642,-1.74e-04,
5643,-1.74e-04,
5644,-8.00e-01,
5645,-1.74e-04,
5646,-1.74e-04,
5647,-1.74e-04,
5648,-1.74e-04,
5649,-1.74e-04,
5650,-1.74e-04,
5651,-1.74e-04,
5652,-1.74e-04,
5653,-1.74e-04,
5654,-1.74e-04,
5655,-1.74e-04,
5656,-1.74e-04,
5657,-1.74e-04,
5658,-1.74e-04,
5659,-1.74e-04,
5660,-8.00e-01,
5661,-1.74e-04,
5662,-1.74e-04,
5663,-1.74e-04,
5664,-1.74e-04,
5665,-1.74e-04,
5666,-1.74e-04,
5667,-1.74e-04,
5668,-8.00e-01,
5669,-1.74e-04,
5670,-1.74e-04,
5671,-1.74e-04,
5672,-1.74e-04,
5673,-1.74e-04,
5674,-1.74e-04,
5675,-1.74e-04,
5676,-8.00e-01,
5677,-1.74e-04,
5678,-1.74e-04,
5679,-1.74e-04,
5680,-1.74e-04,
5681,-1.74e-04,
5682,-1.74e-04,
5683,-1.74e-04,
5684,-8.00e-01,
5685,-1.74e-04,
5686,-1.74e-04,
5687,-1.74e-04,
5688,-1.74e-04,
5689,-1.74e-04,
5690,-1.74e-04,
5691,-1.74e-04,
5692,-8.00e-01,
5693,-1.74e-04,
5694,-1.74e-04,
5695,-1.74e-04,
5696,-1.74e-04,
5697,-1.74e-04,
5698,-1.74e-04,
5699,-1.74e-04,
5700,-8.00e-01,
5701,-1.74e-04,
5702,-1.74e-04,
5703,-1.74e-04,
5704,-1.74e-04,
5705,-1.74e-04,
5706,-1.74e-04,
5707,-1.74e-04,
5708,-1.74e-04,
5709,-1.74e-04,
5710,-1.74e-04,
5711,-1.74e-04,
5712,-1.74e-04,
5713,-1.74e-04,
5714,-1.74e-04,
5715,-1.74e-04,
5716,-8.00e-01,
5717,-1.74e-04,
5718,-1.74e-04,
5719,-1.74e-04,
5720,-1.74e-04,
5721,-1.74e-04,
5722,-1.74e-04,
5723,-1.74e-04,
5724,-8.00e-01,
5725,-1.74e-04,
5726,-1.74e-04,
5727,-1.74e-04,
5728,-1.74e-04,
5729,-1.74e-04,
5730,-1.74e-04,
5731,-1.74e-04,
5732,-8.00e-01,
5733,-1.74e-04,
5734,-1.74e-04,
5735,-1.74e-04,
5736,-1.74e-04,
5737,-1.74e-04,
5738,-1.74e-04,
5739,-1.74e-04,
5740,-8.00e-01,
5741,-1.74e-04,
5742,-1.74e-04,
5743,-1.74e-04,
5744,-1.74e-04,
5745,-1.74e-04,
5746,-1.74e-04,
5747,-1.74e-04,
5748,-8.00e-01,
5749,-1.74e-04,
5750,-1.74e-04,
5751,-1.74e-04,
5752,-1.74e-04,
5753,-1.74e-04,
5754,-1.74e-04,
5755,-1.74e-04,
5756,-1.74e-04,
5757,-1.74e-04,
5758,-1.74e-04,
5759,-1.74e-04,
5760,-1.74e-04,
5761,-1.74e-04,
5762,-1.74e-04,
5763,-1.74e-04,
5764,-8.00e-01,
5765,-1.74e-04,
5766,-1.74e-04,
5767,-1.74e-04,
5768,-1.74e-04,
5769,-1.74e-04,
5770,-1.74e-04,
5771,-1.74e-04,
5772,-1.74e-04,
5773,-1.74e-04,
5774,-1.74e-04,
5775,-1.74e-04,
5776,-1.74e-04,
5777,-1.74e-04,
5778,-1.74e-04,
5779,-1.74e-04,
5780,-8.00e-01,
5781,-1.74e-04,
5782,-1.74e-04,
5783,-1.74e-04,
5784,-1.74e-04,
5785,-1.74e-04,
5786,-1.74e-04,
5787,-1.74e-04,
5788,-8.00e-01,
5789,-1.74e-04,
5790,-1.74e-04,
5791,-1.74e-04,
5792,-1.74e-04,
5793,-1.74e-04,
5794,-1.74e-04,
5795,-1.74e-04,
5796,-8.00e-01,
5797,-1.74e-04,
5798,-1.74e-04,
5799,-1.74e-04,
5800,-1.74e-04,
5801,-1.74e-04,
5802,-1.74e-04,
5803,-1.74e-04,
5804,-1.74e-04,
5805,-1.74e-04,
5806,-1.74e-04,
5807,-1.74e-04,
5808,-1.74e-04,
5809,-1.74e-04,
5810,-1.74e-04,
5811,-1.74e-04,
5812,-8.00e-01,
5813,-1.74e-04,
5814,-1.74e-04,
5815,-1.74e-04,
5816,-1.74e-04,
5817,-1.74e-04,
5818,-1.74e-04,
5819,-1.74e-04,
5820,-8.00e-01,
5821,-1.74e-04,
5822,-1.74e-04,
5823,-1.74e-04,
5824,-1.74e-04,
5825,-1.74e-04,
5826,-1.74e-04,
5827,-1.74e-04,
5828,-1.74e-04,
5829,-1.74e-04,
5830,-1.74e-04,
5831,-1.74e-04,
5832,-1.74e-04,
5833,-1.74e-04,
5834,-1.74e-04,
5835,-1.74e-04,
5836,-8.00e-01,
5837,-1.74e-04,
5838,-1.74e-04,
5839,-1.74e-04,
5840,-1.74e-04,
5841,-1.74e-04,
5842,-1.74e-04,
5843,-1.74e-04,
5844,-8.00e-01,
5845,-1.74e-04,
5846,-1.74e-04,
5847,-1.74e-04,
5848,-1.74e-04,
5849,-1.74e-04,
5850,-1.74e-04,
5851,-1.74e-04,
5852,-1.74e-04,
5853,-1.74e-04,
5854,-1.74e-04,
5855,-1.74e-04,
5856,-1.74e-04,
5857,-1.74e-04,
5858,-1.74e-04,
5859,-1.74e-04,
5860,-8.00e-01,
5861,-1.74e-04,
5862,-1.74e-04,
5863,-1.74e-04,
5864,-1.74e-04,
5865,-1.74e-04,
5866,-1.74e-04,
5867,-1.74e-04,
5868,-8.00e-01,
5869,-1.74e-04,
5870,-1.74e-04,
5871,-1.74e-04,
5872,-1.74e-04,
5873,-1.74e-04,
5874,-1.74e-04,
5875,-1.74e-04,
5876,-8.00e-01,
5877,-1.74e-04,
5878,-1.74e-04,
5879,-1.74e-04,
5880,-1.74e-04,
5881,-1.74e-04,
5882,-1.74e-04,
5883,-1.74e-04,
5884,-8.00e-01,
5885,-1.74e-04,
5886,-1.74e-04,
5887,-1.74e-04,
5888,-1.74e-04,
5889,-1.74e-04,
5890,-1.74e-04,
5891,-1.74e-04,
5892,-8.00e-01,
5893,-1.74e-04,
5894,-1.74e-04,
5895,-1.74e-04,
5896,-1.74e-04,
5897,-1.74e-04,
5898,-1.74e-04,
5899,-1.74e-04,
5900,-8.00e-01,
5901,-1.74e-04,
5902,-1.74e-04,
5903,-1.74e-04,
5904,-1.74e-04,
5905,-1.74e-04,
5906,-1.74e-04,
5907,-1.74e-04,
5908,-8.00e-01,
5909,-1.74e-04,
5910,-1.74e-04,
5911,-1.74e-04,
5912,-1.74e-04,
5913,-1.74e-04,
5914,-1.74e-04,
5915,-1.74e-04,
5916,-1.74e-04,
5917,-1.74e-04,
5918,-1.74e-04,
5919,-1.74e-04,
5920,-1.74e-04,
5921,-1.74e-04,
5922,-1.74e-04,
5923,-1.74e-04,
5924,-8.00e-01,
5925,-1.74e-04,
5926,-1.74e-04,
5927,-1.74e-04,
5928,-1.74e-04,
5929,-1.74e-04,
5930,-1.74e-04,
5931,-1.74e-04,
5932,-1.74e-04,
5933,-1.74e-04,
5934,-1.74e-04,
5935,-1.74e-04,
5936,-1.74e-04,
5937,-1.74e-04,
5938,-1.74e-04,
5939,-1.74e-04,
5940,-8.00e-01,
5941,-1.74e-04,
5942,-1.74e-04,
5943,-1.74e-04,
5944,-1.74e-04,
5945,-1.74e-04,
5946,-1.74e-04,
5947,-1.74e-04,
5948,-1.74e-04,
5949,-1.74e-04,
5950,-1.74e-04,
5951,-1.74e-04,
5952,-1.74e-04,
5953,-1.74e-04,
5954,-1.74e-04,
5955,-1.74e-04,
5956,-8.00e-01,
5957,-1.74e-04,
5958,-1.74e-04,
5959,-1.74e-04,
5960,-1.74e-04,
5961,-1.74e-04,
5962,-1.74e-04,
5963,-1.74e-04,
5964,-1.74e-04,
5965,-1.74e-04,
5966,-1.74e-04,
5967,-1.74e-04,
5968,-1.74e-04,
5969,-1.74e-04,
5970,-1.74e-04,
5971,-1.74e-04,
5972,-8.00e-01,
5973,-1.74e-04,
5974,-1.74e-04,
5975,-1.74e-04,
5976,-1.74e-04,
5977,-1.74e-04,
5978,-1.74e-04,
5979,-1.74e-04,
5980,-8.00e-01,
5981,-1.74e-04,
5982,-1.74e-04,
5983,-1.74e-04,
5984,-1.74e-04,
5985,-1.74e-04,
5986,-1.74e-04,
5987,-1.74e-04,
5988,-1.74e-04,
5989,-1.74e-04,
5990,-1.74e-04,
5991,-1.74e-04,
5992,-1.74e-04,
5993,-1.74e-04,
5994,-1.74e-04,
5995,-1.74e-04,
5996,-8.00e-01,
5997,-1.74e-04,
5998,-1.74e-04,
5999,-1.74e-04,
